Player,TEAM,AGE,GP,W,L,MIN,FGM,FGA,FG%,3PM,3PA,3P%,FTM,FTA,FT%,OREB,DREB,REB,AST,TOV,STL,BLK,PF,DD2,TD3,PTS,+/-
Aaron Brooks,CHI,31,33,20,13,15.8,2.9,6.9,41.7,1.1,2.8,38.3,0.8,1,81.8,0.4,1.5,1.9,2.3,1,0.2,0.2,2,0,0,7.7,1.8
Aaron Gordon,ORL,20,41,19,22,19.6,2.7,5.5,49.6,0.5,1.3,34.5,1.3,2,68.8,1.7,3.3,5,1.2,0.8,0.6,0.7,1.9,1,0,7.3,-1
Aaron Harrison,CHA,21,10,6,4,4.2,0.2,0.7,28.6,0.1,0.3,33.3,0.2,0.6,33.3,0.3,0.5,0.8,0,0.1,0.2,0,0.1,0,0,0.7,0.2
Adreian Payne,MIN,25,30,11,19,9.5,1.1,2.7,41.3,0.3,0.7,38.1,0.3,0.4,66.7,0.3,1.7,2,0.5,0.6,0.3,0.3,1.5,0,0,2.7,-1.4
Al Horford,ATL,30,45,26,19,31.5,6.5,13,49.8,0.9,2.9,31.8,1.3,1.6,78.1,2.2,5,7.2,3,1.3,0.8,1.5,1.9,10,0,15.2,1.2
Al Jefferson,CHA,31,19,12,7,25.2,5.6,11.7,48.2,0,0,0,1.3,2.2,57.1,1.2,4.9,6.1,1.6,0.7,0.7,1.1,2.4,4,0,12.5,-0.6
Al-Farouq Aminu,POR,25,46,20,26,29.1,3.8,9.2,41.1,1.5,4.2,35.2,1.4,2,72.5,1.2,5.3,6.5,1.5,1.6,0.8,0.7,2.2,6,0,10.5,0.2
Alec Burks,UTA,24,28,12,16,27.1,4.8,11.6,40.9,1,2.7,38.7,3.8,5,75.2,0.6,3,3.6,2.1,1.8,0.6,0.1,2.5,0,0,14.3,-0.9
Alex Len,PHX,23,42,14,28,19.2,2.5,5.5,45.9,0,0.1,25,1.6,2.3,71.6,1.7,4.1,5.9,0.9,1.4,0.5,0.9,2.5,4,0,6.7,-1.6
Alexis Ajinca,NOP,28,33,9,24,12.4,2.2,4.2,52.5,0,0,0,0.5,0.6,94.7,1.2,2.9,4.1,0.5,0.5,0.3,0.5,2.2,2,0,5,-0.7
Allen Crabbe,POR,24,46,20,26,26,4.3,9.2,46.5,1.4,3.7,38.4,1,1.2,83.9,0.3,2.4,2.6,1.2,0.9,0.8,0.1,2.5,0,0,11,-1.3
Alonzo Gee,NOP,29,43,16,27,20.9,1.6,3.3,50,0.3,0.9,29.7,0.5,0.6,84,0.8,2.5,3.3,1,0.7,0.8,0.2,2.3,0,0,4,-2.6
Amar'e Stoudemire,MIA,33,16,6,10,11.1,1.6,2.9,55.3,0,0,0,0.9,1.3,71.4,0.9,1.6,2.5,0.6,0.9,0.2,0.4,1.1,0,0,4.2,-2.7
Amir Johnson,BOS,29,41,20,21,23.9,3.5,6,58.9,0.2,0.8,27.3,0.9,1.6,54.7,2.1,4.1,6.2,1.6,1.2,0.7,1.2,2.9,4,0,8.1,2
Anderson Varejao,GSW,33,26,18,8,9.1,0.9,2.2,40.4,0,0,0,0.5,0.7,76.5,0.7,2,2.7,0.7,0.5,0.3,0.1,1,0,0,2.3,1.8
Andre Drummond,DET,22,44,23,21,33.8,7.3,14,51.9,0,0.1,33.3,2.7,7.7,35.4,5.4,10,15.4,0.9,2.1,1.7,1.5,3.1,37,0,17.3,3.3
Andre Iguodala,GSW,32,44,40,4,27.6,2.9,5.9,49.6,1,2.5,38.7,0.8,1.1,71.4,0.9,3.4,4.3,3.4,1.2,1.3,0.4,1.7,1,0,7.6,8.3
Andre Miller,SAS,40,20,6,14,10.8,1.4,2.3,60.9,0.1,0.1,50,0.7,0.9,77.8,0.3,0.6,0.9,2.4,0.9,0.5,0,1.4,0,0,3.6,0.5
Andre Roberson,OKC,24,44,33,11,21.9,2.1,4.2,49.5,0.4,1.4,27.4,0.5,0.8,61.1,1.1,2.3,3.4,0.8,0.6,0.9,0.7,1.8,0,0,5,4.9
Andrea Bargnani,BKN,30,38,9,29,13.8,2.7,6.2,43.9,0.1,0.4,18.8,1.1,1.3,82,0.7,1.5,2.2,0.3,0.6,0.1,0.2,1.3,0,0,6.6,-4.3
Andrew Bogut,GSW,31,37,33,4,20.9,2.6,4.2,63.6,0,0,0,0.3,0.8,41.4,1.8,5.4,7.2,1.9,1.2,0.3,1.7,3.1,3,0,5.6,5.9
Andrew Nicholson,ORL,26,32,16,16,16.3,2.6,5.8,45.2,0.8,2.1,35.3,0.7,0.9,76.7,0.7,3.2,3.9,0.3,0.8,0.2,0.3,1.4,0,0,6.7,0.3
Andrew Wiggins,MIN,21,44,14,30,34.9,7.4,16.6,44.7,0.6,2.4,24.3,5.4,7.3,74,1.6,2.3,3.9,1.8,2.3,0.8,0.5,2.1,1,0,20.8,-2.6
Anthony Bennett,TOR,23,11,7,4,5.4,0.5,1.7,26.3,0.2,1,18.2,0.6,0.7,87.5,0.5,1.2,1.6,0,0.4,0.3,0,0.7,0,0,1.7,-2.5
Anthony Brown,LAL,23,21,3,18,18.1,1.2,3.9,31.7,0.6,2.1,28.9,0.6,0.7,80,0.3,1.9,2.2,0.4,0.6,0.4,0.2,1,0,0,3.7,1.1
Anthony Davis,NOP,23,38,16,22,35.7,8.8,17.8,49.3,0.5,1.7,28.8,5.2,6.8,76.5,2,8.2,10.3,1.8,2.1,1.3,2.5,2.4,23,0,23.3,-0.7
Anthony Morrow,OKC,30,39,28,11,15.5,2.1,5.1,41.6,1.3,3.1,40.5,0.4,0.5,81,0.2,0.9,1.1,0.3,0.2,0.5,0.1,1,0,0,5.9,2.1
Anthony Tolliver,DET,31,43,22,21,19.2,1.7,4.6,38.3,1.3,3.7,36.3,0.5,0.8,63.6,0.5,2.8,3.3,0.9,0.3,0.4,0.3,1.2,0,0,5.3,1.5
Archie Goodwin,PHX,21,25,7,18,14.9,2.2,5.1,42.2,0.3,1,28,2.2,3.5,64.4,0.2,1.8,2,1.3,1,0.4,0.3,0.9,0,0,6.8,-1.1
Aron Baynes,DET,29,43,22,21,14.2,2.2,4.4,49.7,0,0,0,1,1.4,73.8,1.6,2.8,4.4,0.7,0.9,0.2,0.5,1.9,1,0,5.4,-1.8
Arron Afflalo,NYK,30,38,18,20,33,5.5,11.9,46.2,1.3,3.5,37.1,1.6,1.8,87,0.3,3.3,3.7,1.8,1,0.3,0.2,2.3,0,0,13.9,-0.3
Austin Rivers,LAC,23,40,26,14,22,3.1,7.3,42.3,0.7,2.5,26.7,1,1.4,70.2,0.4,1.5,1.8,1.4,0.8,0.6,0.2,2.1,0,0,7.8,-3.1
Avery Bradley,BOS,25,39,21,18,32.6,5.8,13.3,43.5,2,5.5,36,1.2,1.6,76.2,0.7,1.9,2.6,2.1,1.5,1.6,0.3,2,0,0,14.7,3.6
Ben McLemore,SAC,23,43,20,23,21.1,2.8,6.1,45.4,0.9,2.3,36.6,1.1,1.6,73.1,0.5,1.6,2,1.1,1.5,0.9,0.1,2,0,0,7.5,0.1
Beno Udrih,MEM,33,32,17,15,15.3,1.8,4.1,43.2,0.3,0.9,36.7,0.4,0.4,92.3,0.1,1.4,1.5,2.8,1,0.3,0,1.2,1,0,4.3,0.1
Bismack Biyombo,TOR,23,43,28,15,22.8,1.8,3.6,50.3,0,0,0,1.8,2.7,66.7,2.4,6,8.3,0.3,1.1,0.2,1.6,2.8,5,0,5.4,-0.9
Blake Griffin,LAC,27,30,17,13,34.9,9.4,18.4,50.8,0.2,0.6,35.3,4.3,5.9,72.5,1.6,7,8.7,5,2.4,0.7,0.6,2.8,12,0,23.2,3.6
Boban Marjanovic,SAS,27,26,25,1,8.1,2,3.3,61.2,0,0,0,1.5,2,73.6,1.2,2.1,3.3,0.3,0.7,0.3,0.5,1.1,1,0,5.5,2.2
Bobby Portis,CHI,21,23,12,11,14.4,2.8,6.3,44.8,0.3,0.8,31.6,0.7,1,73.9,1.4,2.8,4.3,0.5,1.2,0.4,0.4,1.4,2,0,6.7,-0.7
Bojan Bogdanovic,BKN,27,44,11,33,27,3.5,8.3,42,1.2,3.7,32.5,1,1.3,80.7,0.5,3,3.5,1,1.3,0.5,0.1,1.4,1,0,9.3,-5.5
Boris Diaw,SAS,34,44,38,6,19.1,3,5.5,53.5,0.4,1,40,0.8,1.1,74,0.9,2.5,3.3,2.5,1.3,0.4,0.3,1.4,0,0,7.2,6.5
Bradley Beal,WAS,23,21,10,11,34,7.1,15.8,44.9,2.2,5.3,41.1,2.8,3.7,76.6,1,3.4,4.4,3.1,2.6,1,0.3,2.4,0,0,19.2,-3.2
Brandan Wright,MEM,28,7,3,4,17.1,2.6,4.3,60,0,0,0,1.4,2.6,55.6,0.9,2.6,3.4,0.6,0.6,0.1,1.4,1.3,0,0,6.6,-7.4
Branden Dawson,LAC,23,2,2,0,6.3,0.5,1.5,33.3,0,0,0,0,0,0,1,0.5,1.5,0,0,0,0.5,1,0,0,1,-7
Brandon Bass,LAL,31,38,9,29,18,2.5,4.4,56,0,0,0,1.4,1.6,85.5,1.6,2.6,4.2,1.1,0.6,0.5,0.9,1.7,0,0,6.3,-1.5
Brandon Jennings,ORL,26,13,6,7,17.5,2.4,6.2,38.3,1,3.2,31.7,1.5,1.8,79.2,0.3,1.8,2.2,3.5,1.1,0.4,0,0.8,0,0,7.2,2.9
Brandon Knight,PHX,24,42,13,29,36.3,7.4,17.3,42.4,2.1,6.2,33.3,2.9,3.4,84.7,0.6,3.1,3.7,5.1,3.5,1.3,0.3,2.4,4,1,19.7,-3.6
Brandon Rush,GSW,30,35,31,4,16.1,1.9,4.3,45,1.1,2.5,45.5,0.2,0.3,58.3,0.4,2.3,2.7,0.8,0.5,0.3,0.3,0.8,0,0,5.2,0.3
Brian Roberts,POR,30,24,11,13,10.2,1.4,3.1,44,0.2,0.7,29.4,0.7,0.8,94.4,0.1,0.8,0.9,1.2,0.5,0.3,0,0.6,0,0,3.7,-0.5
Brook Lopez,BKN,28,44,11,33,33.4,7.8,15.8,49.1,0,0.1,0,4,5,78.4,2.9,5.4,8.3,1.6,2.3,0.7,1.9,3,17,0,19.5,-3.8
Bruno Caboclo,TOR,20,2,2,0,1.2,0,0.5,0,0,0,0,0,0,0,0,0.5,0.5,0,0.5,0.5,0,0,0,0,0,-1.5
Bryce Cotton,MEM,23,3,0,3,10.9,0.7,2.7,25,0,1,0,0,0,0,0,0,0,1,1.7,1,0,0.7,0,0,1.3,-4.7
Bryce Dejean-Jones,NOP,23,2,2,0,1,0.5,0.5,100,0.5,0.5,100,0,0,0,0,0,0,0,0,0,0,0,0,0,1.5,-0.5
CJ McCollum,POR,24,44,20,24,35.3,8.1,18.4,44.1,2.5,6.4,39.5,2.1,2.6,80,0.6,3,3.6,4.3,2.3,1.2,0.2,2.3,2,0,20.8,1.3
CJ Miles,IND,29,39,20,19,26.5,4.2,10.7,39.2,2.4,6.7,35.5,1.8,2.5,75,0.5,2.7,3.2,1.1,1.1,1.1,0.5,2.4,0,0,12.6,0.2
CJ Watson,ORL,32,8,3,5,19.6,1.8,4.8,36.8,0.6,2,31.3,0.6,0.9,71.4,0.5,1.5,2,3.1,0.8,1,0,1.3,0,0,4.8,3.4
CJ Wilcox,LAC,25,4,2,2,2.9,0.5,1,50,0,0,0,0,0,0,0,0,0,0.3,0,0,0,0.3,0,0,1,-0.3
Cameron Bairstow,DET,25,9,3,6,3.8,0.4,1.7,26.7,0,0.2,0,0,0,0,0.4,0.9,1.3,0,0.1,0.1,0.1,0.7,0,0,0.9,0.1
Cameron Payne,OKC,21,29,25,4,11.5,2,4.8,42.8,0.7,1.9,37,0.2,0.3,75,0.1,1.6,1.7,1.9,0.6,0.8,0.1,1.4,0,0,5,-1.1
Carl Landry,PHI,32,11,3,8,12.8,3.2,5.5,57.4,0.1,0.2,50,1.4,2.1,65.2,0.9,2,2.9,0.4,0.8,0.5,0.3,1.7,0,0,7.8,1.1
Carmelo Anthony,NYK,32,42,22,20,34.6,7.6,17.6,43.3,1.4,4.1,33.1,4.7,5.7,81.7,1.5,6,7.5,4,2.5,0.9,0.5,2.4,11,0,21.3,0.5
Caron Butler,SAC,36,9,1,8,9.6,1.2,2.9,42.3,0.1,0.9,12.5,0.1,0.2,50,0.3,0.9,1.2,0.3,0.2,0.6,0,0.8,0,0,2.7,-4.8
Chandler Parsons,DAL,27,37,20,17,26.7,4.3,9.1,47.3,1.2,3.2,36.7,1,1.7,57.1,0.4,3.5,3.9,2.4,1.4,0.5,0.4,1.7,0,0,10.8,0.7
Channing Frye,CLE,33,37,18,19,18,1.9,4.3,44.4,1.2,2.9,41.3,0.5,0.5,89.5,0.5,2.7,3.2,1.2,0.7,0.5,0.5,1.6,0,0,5.5,2.2
Charles Hayes,LAC,33,2,1,1,11.9,0.5,1,50,0,0,0,1,1,100,0,4,4,1,1.5,0,0,3,0,0,2,-1.5
Charlie Villanueva,DAL,31,37,19,18,12.2,2.4,6.2,38.6,0.8,3.1,24.1,0.4,0.4,87.5,0.4,2.3,2.7,0.4,0.5,0.3,0.3,1.3,0,0,5.9,-2.5
Chase Budinger,PHX,28,39,20,19,16,1.7,4.2,40.2,0.5,1.6,29.5,0.8,1.1,70.5,0.6,1.9,2.5,1.1,0.6,0.5,0.2,0.9,0,0,4.6,0.7
Chris Andersen,MEM,37,7,4,3,5.2,0.6,1.4,40,0.3,0.7,40,0.4,0.6,75,0.4,0.9,1.3,0.4,0.3,0.1,0.4,0.6,0,0,1.9,-2.4
Chris Bosh,MIA,32,44,23,21,33.6,6.7,14.2,47,1.6,4.3,37.8,4.1,5.1,80.7,1,6.7,7.7,2.4,1.4,0.8,0.7,1.7,15,0,19.1,1.1
Chris Copeland,MIL,32,22,10,12,6.7,0.8,2.2,35.4,0.5,1.5,30.3,0.2,0.2,80,0,0.4,0.5,0.5,0.2,0.1,0,0.7,0,0,2.2,-3.8
Chris Johnson,UTA,26,34,17,17,10.8,1,2.7,37.6,0.4,1.3,27.3,0.4,0.6,75,0.3,1.4,1.6,0.8,0.6,0.6,0.2,1.2,0,0,2.9,-0.4
Chris Kaman,POR,34,6,4,2,9.8,1.5,3.8,39.1,0,0,0,0,0,0,0.5,1,1.5,0.8,0.7,0,0,1,0,0,3,-3.5
Chris Paul,LAC,31,38,26,12,32.3,6.6,14.6,45.1,1.4,3.7,38.7,3.9,4.4,88.6,0.6,3.3,3.8,9.7,2.8,2.1,0.2,2.8,19,0,18.5,7.5
Christian Wood,PHI,20,14,0,14,8.1,1.4,3.1,44.2,0.3,0.6,44.4,0.6,0.9,69.2,0.7,1.6,2.3,0.2,0.1,0.4,0.4,0.6,0,0,3.6,-1.1
Cleanthony Early,NYK,25,10,4,6,3.4,0.3,0.6,50,0.1,0.4,25,0,0,0,0,0.2,0.2,0.1,0.1,0.1,0.1,0.3,0,0,0.7,1.2
Cliff Alexander,POR,20,7,2,5,4.5,0.7,1.4,50,0,0,0,0,0,0,0.3,0.6,0.9,0,0.1,0.1,0.3,0,0,0,1.4,0.3
Clint Capela,HOU,22,44,23,21,21.6,3.2,5.6,56.9,0,0,0,1.1,2.5,43.8,2.8,4.4,7.2,0.8,1.1,1,1.2,2.5,9,0,7.5,0.6
Cody Zeller,CHA,23,40,18,22,24.8,3.2,6.5,49.6,0,0.2,0,2.6,3.5,73.6,1.8,4.1,5.9,0.9,0.9,0.9,0.7,3,2,0,9,-0.9
Cole Aldrich,LAC,27,21,16,5,11.8,2.5,4.7,53.1,0,0,0,1.4,1.9,72.5,1.1,2.8,4,1,0.9,0.8,0.7,2,1,0,6.3,0
Corey Brewer,HOU,30,45,23,22,20.1,2.4,6.6,36,0.8,2.7,29.5,1.3,1.6,80.8,0.5,2,2.5,1.5,1,1.1,0.1,2.1,0,0,6.9,-1.4
Cory Jefferson,PHX,25,7,2,5,6.5,1,2.9,35,0,0.1,0,0.3,0.6,50,0.7,1.4,2.1,0,0,0,0.1,1.1,0,0,2.3,-1.3
Cory Joseph,TOR,24,43,28,15,25.8,3,6.7,44.4,0.3,1.2,26.9,2,2.6,75.7,0.5,2,2.5,3,1.3,0.8,0.3,1.7,0,0,8.2,3.2
Courtney Lee,CHA,30,43,23,20,29.4,3.8,8.4,45,0.9,2.6,34.2,1.6,1.9,86.3,0.4,2.2,2.6,1.4,0.9,1.1,0.3,1.5,0,0,10,-0.4
Cristiano Felicio,CHI,23,3,1,2,2,0.3,0.7,50,0,0.3,0,0,0,0,0,0.3,0.3,0.3,0,0,0,0,0,0,0.7,-0.7
D'Angelo Russell,LAL,20,44,9,35,27,4.8,11.5,41.9,1.6,4.7,33.2,1,1.5,66.7,0.6,3.1,3.7,3.4,2.4,1.2,0.2,1.6,1,0,12.3,-5.3
D.J. Augustin,DEN,28,32,22,10,15.4,1.4,3.7,37.6,0.7,1.9,38.3,0.8,1.1,76.5,0.2,1,1.1,1.9,0.9,0.4,0.1,1.2,0,0,4.3,-0.9
Damian Lillard,POR,25,39,16,23,36.1,8.4,19.9,42.3,3.1,8.1,38,4.6,5.3,87,0.6,3.7,4.4,6.9,3.3,0.9,0.3,2.4,9,0,24.6,0.2
Damien Inglis,MIL,21,8,2,6,5.3,0.3,1,25,0.1,0.6,20,0.4,0.5,75,0.1,1,1.1,0.3,0.5,0.3,0,0.6,0,0,1,-3.8
Damjan Rudez,MIN,30,17,4,13,8.3,0.8,1.9,43.8,0.6,1.5,40,0.2,0.2,100,0.1,0.4,0.4,0.4,0.4,0,0,0.9,0,0,2.5,0.2
Danilo Gallinari,DEN,27,38,16,22,34.5,5.4,13.2,40.6,1.7,4.6,36.4,6.8,7.8,87.5,1.1,4.6,5.7,2.5,1.3,0.7,0.4,1.8,3,0,19.3,-2.5
Danny Green,SAS,29,44,38,6,25.1,2.5,7,36.2,1.4,4.2,33.3,0.5,0.6,80,0.5,3.1,3.6,1.8,1.1,0.7,0.8,1.4,0,0,6.9,5.8
Dante Cunningham,NOP,29,41,14,27,19.6,1.7,3.8,43.3,0.6,1.8,35.1,0.3,0.5,65,0.6,2.6,3.2,0.6,0.3,0.5,0.4,1.9,0,0,4.3,-2.4
Darrell Arthur,DEN,28,41,14,27,21.1,3.2,6.9,47.3,0.4,1,41.5,0.5,0.6,80,1.2,2.9,4.1,1.2,0.9,0.9,0.7,2.5,2,0,7.4,0
Darren Collison,SAC,28,38,17,21,28.5,4.6,10.2,45.5,1.1,2.9,37.5,2.4,2.8,83.3,0.4,1.8,2.2,4.2,1.8,0.9,0,1.8,3,0,12.7,-1.2
Darrun Hilliard,DET,23,14,7,7,6.4,0.9,2.7,31.6,0.3,0.9,33.3,0.6,0.8,81.8,0.2,0.6,0.8,0.3,0.4,0.1,0,0.4,0,0,2.6,-0.9
David Lee,DAL,33,30,15,15,15.7,2.9,6.4,45.3,0,0,0,1.3,1.7,78.4,1.4,3,4.3,1.8,1.3,0.4,0.4,1.7,0,0,7.1,-1.3
David West,SAS,35,43,37,6,16.7,2.9,5.2,56.3,0,0.1,33.3,0.7,1,72.7,0.8,3.2,4,1.7,0.9,0.6,0.6,1.7,1,0,6.6,5.3
DeAndre Jordan,LAC,27,41,27,14,33.2,4.3,6,72.1,0,0,0,3.2,7.7,41.7,3.6,9.7,13.3,1,1.1,0.5,2.3,2.9,25,0,11.9,5.1
DeJuan Blair,WAS,27,24,11,13,8.2,1.2,2.7,43.8,0,0,0,0.2,0.5,45.5,0.8,1.3,2.2,0.4,0.6,0.3,0.1,2,0,0,2.5,-1.2
DeMar DeRozan,TOR,26,43,28,15,36.6,7.9,17.8,44.5,0.6,1.8,30.4,6.9,8.2,84.4,0.8,3.7,4.5,4.2,2.3,1,0.3,2,2,0,23.3,2.3
DeMarcus Cousins,SAC,25,35,19,16,33.7,9.1,20.3,44.7,1.2,3.5,34.7,7.4,10,74,2.5,8.9,11.4,2.7,3.5,1.3,1.3,3.9,25,0,26.7,3.1
DeMarre Carroll,TOR,29,23,14,9,31.9,4.3,11.1,38.8,1.8,4.8,37.8,1.2,2.1,58.3,1.2,3.6,4.8,1,1.2,1.7,0.2,2.5,0,0,11.7,0.3
Delon Wright,TOR,24,9,7,2,2.7,0.2,1,22.2,0,0.1,0,0,0,0,0.1,0.6,0.7,0.4,0.1,0,0,0.1,0,0,0.4,-0.6
Dennis Schroder,ATL,22,43,25,18,21.5,4.1,9.9,41.6,1,3.2,32.4,1.5,1.9,79.3,0.4,2.3,2.7,4.7,2.1,1.1,0.1,1.6,1,0,10.8,3.9
Deron Williams,DAL,32,37,20,17,32.5,5.2,12.1,42.6,1.5,4.1,35.5,2.6,2.9,89.9,0.3,2.9,3.2,5.6,2.4,1,0.3,2.2,1,0,14.4,0.3
Derrick Favors,UTA,24,26,11,15,32.6,6.9,13.2,52.3,0,0,0,3.1,4.4,70.2,3.2,5.4,8.6,1.5,1.5,1.5,1.2,2.4,9,0,16.8,-1.5
Derrick Rose,CHI,27,37,20,17,32.6,6.4,15.8,40.7,0.6,2.4,26.4,2.2,2.7,79.2,0.5,2.7,3.2,4.6,2.7,0.6,0.3,1.5,0,0,15.6,-1.8
Derrick Williams,NYK,25,45,22,23,16.7,3,6.8,44.1,0.4,1.9,23.3,2.7,3.6,75.5,0.6,3,3.6,0.8,0.7,0.4,0.1,1,2,0,9.2,-1.4
Devin Booker,PHX,19,39,11,28,20.4,3.3,7,47.3,1,2.3,42.7,1.6,2,81,0.3,1.5,1.8,1.2,1.2,0.5,0.1,2.2,1,0,9.2,-2.9
Devin Harris,DAL,33,39,22,17,19.8,2.7,5.8,46,0.7,2.1,33.7,1.5,2.3,68.2,0.3,1.7,2.1,2.1,0.9,1,0.2,2,0,0,7.6,-2.1
Devyn Marble,ORL,23,8,6,2,2.5,0.1,0.8,16.7,0,0.3,0,0,0.1,0,0.1,0.3,0.4,0,0.1,0.1,0,0.3,0,0,0.3,-0.8
Dewayne Dedmon,ORL,26,26,11,15,11.8,1.2,2.5,50,0,0,0,0.8,1.2,71,0.9,2.5,3.4,0.1,0.5,0.4,1,2.1,0,0,3.3,-0.7
Dion Waiters,OKC,24,45,33,12,26.9,3.7,9.2,39.9,1,2.8,34.4,1.4,2,73,0.5,2.4,2.9,2,1.6,0.9,0.2,1.8,0,0,9.7,3.6
Dirk Nowitzki,DAL,38,41,22,19,30.8,6.4,14.3,44.8,1.8,4.5,39.1,3.1,3.5,90.2,0.8,6,6.8,1.9,1.1,0.6,0.6,1.8,6,0,17.7,4
Donald Sloan,BKN,28,24,3,21,17,1.8,4.1,43.4,0.4,1,36,0.8,1,78.3,0.4,2.1,2.5,4.2,1.4,0.3,0,0.8,1,0,4.7,-1.6
Donatas Motiejunas,HOU,25,14,7,7,13.4,2.2,4.4,50,0.5,1.2,41.2,0.6,1,64.3,0.5,1.6,2.1,1,1.8,0.4,0.1,1.8,0,0,5.6,0
Doug McDermott,CHI,24,42,24,18,21.5,3,6.8,43.6,1.3,3,43.3,0.4,0.5,84.2,0.5,1.9,2.3,0.7,0.7,0.2,0.1,1.4,0,0,7.6,0.2
Draymond Green,GSW,26,43,40,3,34.6,5.2,11,47.3,1.5,3.6,40.9,2.8,4.2,67.4,1.8,7.7,9.5,7.3,2.8,1.4,1.3,2.9,16,8,14.7,14.3
Drew Gooden,WAS,34,12,9,3,14.8,1.6,5,31.7,0.3,1.9,17.4,0.4,0.5,83.3,1.8,2.7,4.4,0.7,0.7,0.3,0.6,1.8,2,0,3.9,-3.3
Dwight Howard,HOU,30,37,19,18,32.5,5.3,8.7,61.2,0,0.1,0,3.8,6.9,55.1,3.6,8.5,12.1,1.5,2.4,1,1.6,3.2,21,0,14.4,1.1
Dwight Powell,DAL,24,43,23,20,17.3,2.6,5.3,48.2,0,0.2,20,1.7,2.3,73,1.4,3.6,5,0.7,0.7,0.6,0.5,2.2,3,0,6.9,-2.5
Dwyane Wade,MIA,34,41,21,20,30.1,7.1,15.6,45.6,0.2,0.8,22.6,3.8,5,76.5,1.2,2.8,4,4.5,2.6,0.9,0.4,1.4,1,0,18.2,-1.5
E'Twaun Moore,CHI,27,32,17,15,15.2,2,4.2,48.9,0.4,1,40.6,0.3,0.6,57.9,0.2,1.4,1.6,0.8,0.6,0.5,0.1,1.2,0,0,4.8,0.7
Ed Davis,POR,27,45,19,26,21.1,2.7,4.3,61.9,0,0,0,1.4,2.7,52.5,3,4.4,7.3,1.1,0.8,0.6,0.7,2.6,8,0,6.8,-0.7
Elfrid Payton,ORL,22,38,19,19,29.5,4.5,10.7,42,0.4,1.1,35.7,1.8,2.9,61.8,1,2.7,3.7,6,2.5,1.4,0.2,2.1,6,0,11.2,-1.3
Elijah Millsap,UTA,28,20,9,11,8.6,0.6,2,28.2,0.1,0.6,8.3,0.7,0.9,72.2,0.3,1.5,1.8,1,0.5,0.4,0.2,1.7,0,0,1.8,1.1
Elliot Williams,CHA,27,5,4,1,9,0.4,2,20,0.2,0.8,25,0.6,0.8,75,0.2,0.6,0.8,0.8,0.2,0,0,0.4,0,0,1.6,-0.6
Emmanuel Mudiay,DEN,20,30,13,17,29.6,4.1,12.6,32.5,0.8,3.1,26.1,2,3.2,64.2,0.6,2.8,3.4,5.7,3.8,1,0.6,2.1,2,0,11,-2.8
Enes Kanter,OKC,24,45,33,12,20.4,4.6,8.2,56.7,0,0.1,40,2.4,3.1,77.5,2.9,4.6,7.5,0.5,1.2,0.2,0.4,1.8,9,0,11.7,1.4
Eric Bledsoe,PHX,26,31,12,19,34.2,7.2,15.9,45.3,1.5,4.2,37.2,4.5,5.5,80.2,0.6,3.5,4,6.1,3.5,2,0.6,2.4,3,0,20.4,-1.6
Eric Gordon,NOP,27,41,14,27,33.4,5,12.2,40.9,2.5,6.6,37.5,2.4,2.8,88.5,0.2,1.9,2.1,2.7,1.6,1,0.3,2.2,0,0,14.9,-1.4
Eric Moreland,SAC,24,5,1,4,4.9,0.4,0.6,66.7,0,0,0,0,0.4,0,0.2,1,1.2,0,0,0,0.8,0.4,0,0,0.8,2.4
Erick Green,DEN,25,3,1,2,2.5,0,0.3,0,0,0.3,0,0,0,0,0,0.3,0.3,0.3,0,0,0,0,0,0,0,0.3
Ersan Ilyasova,ORL,29,44,23,21,27.9,4.2,9.8,42.5,1.5,4.1,36.8,1.4,2,70.9,2,3.5,5.5,1.2,1.1,0.8,0.6,2.3,3,0,11.2,-0.3
Evan Fournier,ORL,23,42,20,22,31.9,4.9,11.3,43.1,1.9,5,37.4,2,2.4,85,0.4,2.5,2.9,2.6,1.5,1.4,0,2.6,0,0,13.7,-1.3
Evan Turner,BOS,27,44,23,21,26.8,3.7,8.6,42.5,0.2,1.4,14.8,1.5,1.8,83.8,0.6,3.9,4.5,4,2.1,0.9,0.3,1.6,1,0,9,0.4
Festus Ezeli,GSW,26,39,36,3,18,2.9,5.3,55.6,0,0,0,1.7,3.2,53.2,2.1,3.8,5.9,0.7,0.9,0.4,1.3,2.3,6,0,7.6,5.3
Frank Kaminsky,CHA,23,43,20,23,21.3,2.7,6.8,40.5,0.9,2.4,36.2,1.5,2,72.4,0.8,3.2,4,1.3,0.8,0.4,0.6,1.6,0,0,7.8,1.1
Garrett Temple,WAS,30,39,19,20,24.5,2.8,6.9,41.1,1.1,3.3,34.1,1.5,2,73.1,0.5,2.1,2.6,1.9,0.7,0.9,0.3,2.1,0,0,8.3,1.6
Gary Harris,DEN,21,38,15,23,30.4,4.3,9.4,45.4,1.3,3.6,36.8,1.2,1.5,79.3,0.7,2.1,2.8,1.8,1.4,1.1,0.2,2,0,0,11.1,-3.1
Gary Neal,WAS,31,33,16,17,21.3,3.9,8.5,45.9,1.1,2.6,42.5,1.3,1.5,86.3,0.3,1.8,2.1,1.3,0.8,0.5,0,1.3,0,0,10.2,-3.8
George Hill,IND,30,37,20,17,35,4.6,10.4,44.5,1.9,4.3,43.1,1.6,2.1,73.4,0.8,3.2,4,3.2,1.5,1.4,0.2,2.1,0,0,12.7,1.1
Gerald Green,MIA,30,38,19,19,26.4,3.9,9.9,39.9,1.6,4.7,33.9,1.2,1.6,78.3,0.4,2.1,2.6,0.9,0.9,0.6,0.4,2.2,0,0,10.7,1.6
Gerald Henderson,POR,28,37,16,21,16.3,2.4,6.1,39.6,0.6,1.8,36.4,1.2,1.6,72.1,0.4,2.1,2.5,0.9,0.9,0.2,0.2,0.8,0,0,6.7,-1
Giannis Antetokounmpo,MIL,21,44,18,26,34.1,5.9,11.6,50.4,0.3,1.3,22.8,3.5,4.6,77.1,1.4,5.7,7.2,2.8,2.5,1,1.2,3.5,7,0,15.5,-2.6
Glenn Robinson,IND,22,29,16,13,12.1,1.4,3.3,43.3,0.3,0.9,34.6,0.8,1.2,67.6,0.3,1.4,1.7,0.5,0.4,0.4,0.2,0.4,0,0,4,-1.4
Goran Dragic,MIA,30,37,22,15,32.5,5,10.7,46.6,0.9,2.8,32.7,1.4,1.9,72.2,0.7,2.6,3.3,5,2.5,1,0.2,2.4,0,0,12.3,1.9
Gordon Hayward,UTA,26,43,19,24,35.6,6.5,14.9,43.6,1.9,5,37.8,5,6.1,81.6,0.8,4.2,5,3.6,2.6,1.2,0.3,2.2,2,0,19.8,-0.1
Gorgui Dieng,MIN,26,45,14,31,23.7,3,6,50.6,0,0,50,1.8,2.2,85.6,1.6,4.8,6.4,1.3,1.9,1.1,1,2.6,4,0,8,-2
Greg Monroe,MIL,26,44,19,25,30.3,6.6,12.7,51.7,0,0,0,2.9,3.9,74.9,3,6.8,9.8,2.3,1.7,1,0.9,2.2,24,0,16,-0.1
Greivis Vasquez,MIL,29,16,6,10,22.6,2.4,7,34.8,0.9,3.4,25.9,1.4,1.6,88,0.3,2.1,2.3,4.4,1.9,0.4,0,2.1,0,0,7.1,-3.7
Harrison Barnes,GSW,24,28,26,2,29.1,4.7,9.9,47.1,1.1,2.9,39.5,1.9,2.3,84.1,1.1,3.6,4.7,1.9,1,0.9,0.2,1.9,0,0,12.4,8.3
Hassan Whiteside,MIA,27,41,22,19,28.9,5.1,8.4,61.3,0,0,0,2,3.7,54.2,3.1,8.1,11.2,0.3,2.1,0.6,3.9,2.4,17,2,12.3,-0.5
Hollis Thompson,PHI,25,42,6,36,26.7,3.1,7.7,40.6,1.7,4.5,38.6,0.7,1,65.1,0.6,2.8,3.4,1.2,1.2,0.4,0.3,2.6,0,0,8.6,-4.4
Ian Clark,GSW,25,38,35,3,9.9,1.8,3.7,47.2,0.7,1.4,45.5,0.4,0.4,87.5,0.2,0.9,1.1,1.1,0.7,0.3,0.2,0.9,0,0,4.6,-1.2
Ian Mahinmi,IND,29,39,22,17,23.8,3.4,5.6,60.6,0,0,0,1.6,2.8,56.8,2.1,5.1,7.1,1.3,1.2,0.9,1,3.2,4,0,8.4,1.2
Iman Shumpert,CLE,26,20,15,5,24.3,2.7,6.8,40,1.1,3.2,33.3,0.5,0.7,71.4,0.5,2.3,2.8,1.5,1,1.1,0.4,2.1,0,0,7,2.6
Isaiah Canaan,PHI,25,43,6,37,25.1,3.2,8.9,35.8,2.2,6,36.3,1.9,2.4,80.4,0.2,1.9,2.2,1.9,1.4,0.7,0.2,1.7,0,0,10.4,-5.2
Isaiah Thomas,BOS,27,44,23,21,32.7,7,16.6,42.1,2.1,6,34.5,5.7,6.4,89,0.5,2.5,3,6.7,2.7,1.2,0.1,2,5,0,21.8,3.6
Ish Smith,PHI,27,40,13,27,25.7,4.7,11.2,42,0.4,1.4,31.5,1.5,2,76.3,0.6,2.9,3.4,6.6,2.1,1.1,0.2,1.6,10,0,11.4,-1.9
J.J. O'Brien,UTA,24,2,2,0,3.1,0,0.5,0,0,0,0,0,0,0,0,0.5,0.5,0,0,0.5,0,0.5,0,0,0,-4
J.R. Smith,CLE,30,38,26,12,30,4.6,11.1,41.6,2.4,6.2,38.7,0.7,1.2,59.1,0.6,2.2,2.9,1.5,0.8,1,0.4,2.8,1,0,12.3,2.7
JJ Hickson,WAS,27,18,6,12,16.9,3.1,6.1,50.5,0,0,0,1.5,3.3,45.8,1.2,3.6,4.8,0.9,0.9,0.6,0.7,1.9,2,0,7.6,-2.2
JJ Redick,LAC,32,39,26,13,27.7,5.5,11.2,49,2.7,5.5,49.5,2.7,3,89,0.1,1.6,1.7,1.5,1.1,0.5,0.1,1.7,0,0,16.4,7.7
JaKarr Sampson,DEN,23,43,6,37,15.5,1.9,4.4,43.9,0.1,0.7,19.4,1.4,2.2,63.5,0.7,2.3,2.9,0.7,1.1,0.3,0.4,2.1,0,0,5.4,-3.5
JaMychal Green,MEM,26,45,25,20,14.8,2.1,4.3,49.2,0.2,0.4,52.9,1.2,1.5,76.5,1.2,2.8,4,0.4,1,0.3,0.3,2.2,1,0,5.6,-0.7
JaVale McGee,DAL,28,25,12,13,12,2.6,4.4,58.2,0,0,0,0.6,1.1,50,1.6,2.8,4.4,0.1,0.7,0.1,0.9,1.6,1,0,5.7,-1.6
Jabari Parker,MIL,21,40,18,22,27.8,4.7,9.8,48.2,0,0.2,0,1.9,2.4,78.7,1.5,3,4.5,1.5,1,0.8,0.4,1.8,2,0,11.3,-1.9
Jae Crowder,BOS,25,44,23,21,32.5,5,11,45,1.7,4.8,36.2,2.8,3.4,82,1.1,4.1,5.2,1.9,1.4,1.8,0.5,2.6,4,0,14.4,3.1
Jahlil Okafor,PHI,20,40,5,35,30.8,7.5,15.2,48.9,0,0.1,0,2.7,3.9,68.4,2.3,5.1,7.4,1.2,2.3,0.5,1.1,2.4,9,0,17.6,-8.7
Jamal Crawford,LAC,36,43,28,15,25.6,4.3,10.8,39.5,1.3,3.9,32.9,2.8,3,93,0.2,1.5,1.7,2.1,1.4,0.5,0.1,1.6,0,0,12.6,1.8
Jameer Nelson,DEN,34,36,11,25,27.6,3.1,8.3,37.1,1.1,3.9,29.5,0.8,1,85.7,0.5,2.5,3.1,5.1,1.8,0.7,0.1,2.6,0,0,8.1,-3.4
James Anderson,SAC,27,22,10,12,9.7,0.6,2.3,27.5,0.4,1.2,34.6,0.4,0.5,90,0.3,0.9,1.2,0.5,0.6,0.2,0.1,0.8,0,0,2.1,-0.3
James Ennis,NOP,25,10,5,5,3.6,0.3,0.8,37.5,0.2,0.5,40,0.5,0.8,62.5,0.2,0.3,0.5,0.3,0.2,0.3,0.2,0.2,0,0,1.3,-0.9
James Harden,HOU,26,45,23,22,37.4,8.1,19.2,42.2,2.7,8,34,8.7,10.1,86.2,0.8,5.2,6,6.9,4.6,1.5,0.6,2.8,9,1,27.6,-1.1
James Johnson,TOR,29,35,22,13,15.3,2.1,3.9,52.9,0.3,0.9,35.5,0.7,1.1,62.5,0.5,1.6,2.2,1,0.9,0.5,0.5,1.2,0,0,5.1,1.2
James Jones,CLE,35,34,23,11,9.9,1.1,2.9,37,0.8,2.2,35.5,0.5,0.6,76.2,0.2,0.9,1.1,0.4,0.3,0.2,0.2,1.3,0,0,3.4,-1.1
James Michael McAdoo,GSW,23,25,23,2,5.9,0.9,1.6,55,0,0,0,0.5,1.1,48.1,0.6,0.7,1.3,0.4,0.4,0.3,0.2,0.7,0,0,2.3,-1.8
James Young,BOS,20,17,8,9,8.9,0.5,1.6,29.6,0.2,1.2,20,0.1,0.2,25,0.2,1,1.2,0.4,0.2,0.2,0.1,0.8,0,0,1.2,-1.3
Jared Cunningham,CLE,25,34,25,9,10,0.9,2.6,36,0.3,0.9,33.3,0.9,1.4,62.5,0.1,0.8,0.9,0.6,0.5,0.3,0.1,1.1,0,0,3.1,0.2
Jared Dudley,WAS,30,40,19,21,28.9,3.1,6.5,47.9,1.5,3.3,46.2,0.9,1.2,75,0.8,3,3.8,1.9,0.9,1,0.1,2.4,0,0,8.6,1
Jared Sullinger,BOS,24,43,22,21,24.1,4,9.6,42.1,0.4,1.7,26.8,1.3,2.1,63.7,2.5,6.2,8.7,2.1,1.3,0.9,0.7,2.7,13,0,9.9,2.6
Jarell Eddie,WAS,24,9,4,5,7.5,1.1,3.1,35.7,1.1,2.7,41.7,0.4,0.4,100,0.1,1.1,1.2,0.2,0,0.2,0.1,0.3,0,0,3.8,-0.8
Jarell Martin,MEM,22,2,1,1,4.6,0.5,2.5,20,0,0,0,0,0,0,0,0,0,0,0,0,0,1,0,0,1,0
Jarnell Stokes,MEM,22,4,0,4,2.8,0.5,1,50,0,0,0,0,0,0,0.3,0.5,0.8,0,0,0,0,0,0,0,1,-0.3
Jarrett Jack,BKN,32,32,10,22,32.1,4.4,11.2,39.1,1,3.2,30.4,3.1,3.5,89.3,0.3,4,4.3,7.4,2.9,1.1,0.2,2.4,6,0,12.8,-4.1
Jason Smith,ORL,30,37,18,19,14.9,2.7,5.3,50.3,0.1,0.3,20,0.6,0.6,91.7,0.5,1.9,2.5,0.6,0.7,0.4,0.7,2.1,0,0,6,0.6
Jason Terry,HOU,38,38,20,18,17.2,2.1,4.9,43,1.3,3.5,36.4,0.5,0.6,79.2,0.1,0.9,1,1.4,0.7,0.8,0.2,1.5,0,0,6,0.8
Jason Thompson,TOR,29,21,18,3,6.8,0.7,1.7,42.9,0,0,0,0.7,1.1,62.5,0.4,1.9,2.3,0.8,0.2,0.1,0.3,1.6,0,0,2.1,-2.2
Jeff Green,LAC,29,45,25,20,28.6,4,9.8,40.7,0.6,2.2,27.3,2.2,2.8,78.7,1,3.4,4.4,1.9,1.4,0.7,0.3,2,1,0,10.8,-1.7
Jeff Teague,ATL,28,42,25,17,28.4,4.9,12,41.2,1.1,2.9,38.3,3.4,4,84.1,0.5,2.1,2.6,5.5,2.7,1.2,0.3,2.1,2,0,14.4,-1.7
Jeff Withey,UTA,26,35,16,19,15.5,2,3.7,54.3,0,0,0,1.1,1.5,71.7,1.4,2.8,4.2,0.5,0.7,0.5,1.3,1.7,2,0,5.1,1.4
Jerami Grant,PHI,22,42,5,37,25.6,3.1,7.2,42.4,0.4,1.9,21.8,2.4,3.5,67.8,1.2,3.3,4.5,1.3,1.2,0.7,1.6,2.9,2,0,9,-6.4
Jeremy Evans,DAL,28,26,15,11,8.9,0.8,1.6,51.2,0.1,0.5,21.4,0.5,0.7,72.2,0.4,1.6,2,0.1,0.3,0.2,0.3,0.7,0,0,2.2,-1.3
Jeremy Lamb,CHA,24,38,19,19,21.6,4.3,9.3,46.9,1,3.2,31.1,1.2,1.6,77,0.8,3.7,4.5,1.3,0.9,0.6,0.4,1.6,1,0,10.9,2.3
Jeremy Lin,CHA,27,42,21,21,27.1,4.1,9.7,42.9,1,3.1,31.5,3.2,4,79.9,0.6,2.6,3.2,3.1,1.9,0.7,0.6,2.4,0,0,12.5,1.7
Jerian Grant,NYK,23,43,20,23,15.8,1.7,4.8,34.1,0.2,1.1,14.6,1.3,1.6,82.4,0.3,1.5,1.7,2.3,1.1,0.5,0.1,1.4,0,0,4.8,-1.2
Jerryd Bayless,MIL,27,28,11,17,28.5,3.8,8.8,42.5,2,4.6,42.3,1.2,1.5,79.1,0.4,2.3,2.7,3.6,1.9,1,0.2,2.2,1,0,10.7,-3.7
Jimmer Fredette,SAS,27,4,1,3,3.1,0.3,1,25,0,0.3,0,0,0,0,0,0,0,0.3,0.3,0.3,0,0.3,0,0,0.5,-4.8
Jimmy Butler,CHI,26,43,25,18,38.2,7.4,16.3,45.3,1.1,3.4,31.8,6.7,8,83.4,1.2,4.1,5.3,4.2,2.1,1.7,0.7,2,5,0,22.5,
Joakim Noah,CHI,31,29,15,14,21.9,1.8,4.6,38.3,0,0,0,0.8,1.6,48.9,3,5.8,8.8,3.8,1.8,0.6,1,2.7,1,0,4.3,-1.2
Jodie Meeks,DET,28,2,2,0,8.5,0.5,2.5,20,0,0,0,0,0,0,0.5,0.5,1,0,0.5,0,0,1,0,0,1,0
Joe Harris,CLE,24,5,5,0,3,0.2,0.8,25,0.2,0.8,25,0,0,0,0,0.6,0.6,0.4,0.2,0,0,0.2,0,0,0.6,-4.2
Joe Ingles,UTA,28,42,19,23,13.9,1.5,3.7,41.7,1,2.5,37.7,0.1,0.1,83.3,0.2,1.3,1.5,1,0.7,0.5,0.1,1.2,0,0,4.2,-0.3
Joe Johnson,MIA,35,44,11,33,34.2,4.3,11,39.1,1.5,4,36.5,1.3,1.6,81.7,0.7,3.3,4,3.6,1.8,0.7,0,1.8,2,0,11.4,-4
Joe Young,IND,24,19,7,12,8.2,1.5,3.7,40.8,0.2,0.7,23.1,0.8,1,78.9,0.1,0.9,1,1.7,0.6,0.5,0,0.6,0,0,4,-0.4
Joel Anthony,DET,33,12,8,4,4.2,0.2,0.4,40,0,0,0,0.4,0.5,83.3,0.5,0.7,1.2,0.1,0.1,0.2,0.3,0.6,0,0,0.8,-0.1
Joffrey Lauvergne,DEN,24,25,9,16,18.3,3.4,6.8,50.3,0.5,1.1,42.9,0.8,1,87.5,1.6,3.9,5.5,1.2,0.9,0.2,0.3,2.1,3,0,8.2,-6.2
John Henson,MIL,25,41,17,24,16.7,2.9,4.9,59.5,0,0,0,1.1,2,53.7,1.5,2.4,3.9,0.9,1.2,0.3,1.9,2.3,1,0,6.9,-3
John Jenkins,PHX,25,18,10,8,9.8,1.4,3.4,42.6,0.2,1,16.7,0.4,0.4,87.5,0.2,0.9,1.2,0.4,0.6,0.2,0,0.5,0,0,3.4,0.5
John Wall,WAS,25,41,20,21,35.7,7.5,17.3,43.3,1.5,4.2,34.9,3.5,4.4,78.6,0.7,3.6,4.2,9.7,4.4,2.1,0.7,2.1,23,0,19.9,0.5
Johnny O'Bryant,MIL,23,42,17,25,14.7,1.5,3.5,43.2,0,0,100,0.5,0.7,67.7,1.1,1.9,3,0.6,0.6,0.4,0.1,1.8,0,0,3.5,-1.8
Jon Leuer,PHX,27,41,13,28,20.8,3.6,7.4,49.2,0.8,2,40.7,1,1.3,73.6,1,4.7,5.7,1.3,1.2,0.6,0.4,2.1,6,0,9,-0.8
Jonas Jerebko,BOS,29,43,23,20,13.5,1.3,3.2,39.4,0.5,1.1,43.5,0.6,0.8,77.1,0.9,2.1,3,0.9,0.6,0.2,0.2,1.7,0,0,3.6,-0.2
Jonas Valanciunas,TOR,24,26,17,9,26.9,4.7,8.7,54.7,0,0,0,2.7,3.5,75,3.2,6,9.3,1,1.6,0.4,1.3,2.4,8,0,12.1,5.5
Jonathon Simmons,SAS,26,30,27,3,13.4,2.2,4.1,53.7,0.4,0.9,46.2,1.3,1.7,76.5,0.2,1.4,1.6,1.2,1,0.4,0.1,1.9,0,0,6.1,4.6
Jordan Adams,MEM,21,2,0,2,7.3,1,3,33.3,0,0.5,0,1.5,2.5,60,0,1,1,1.5,1,1.5,0,1,0,0,3.5,2
Jordan Clarkson,LAL,24,44,9,35,32,5.9,13.5,43.9,1,3,32.6,2.2,2.8,78.4,1.1,2.7,3.8,2.4,1.8,1.2,0.2,2.1,1,0,15.1,-7.9
Jordan Hill,IND,28,40,22,18,21.7,4,7.9,50.5,0,0,0,1.5,2.2,68.6,2.6,4.6,7.1,1.2,1.3,0.6,0.4,2.4,8,0,9.4,2.8
Jordan Mickey,BOS,21,3,3,0,2.1,0.7,1,66.7,0,0,0,1,1,100,0.7,0.3,1,0.3,0,0,0.3,0.3,0,0,2.3,0
Jose Calderon,NYK,34,46,22,24,27.9,2.9,6.1,47.3,1.2,2.8,41.1,0.6,0.7,87.5,0.4,2.7,3.1,4,1.1,1,0.1,1.7,0,0,7.5,-1.2
Jose Juan Barea,DAL,32,39,21,18,21.6,3.6,8.6,41.8,1.2,3.4,35.6,1.1,1.4,77.4,0.3,1.6,2,4,1.7,0.4,0.1,1.5,1,0,9.4,-0.7
Josh McRoberts,MIA,29,20,12,8,15.5,1.2,3,40,0.2,1.1,13.6,0.8,1.1,68.2,0.8,2.2,3,1.8,0.9,0.5,0.2,1.7,0,0,3.3,0.8
Josh Richardson,MIA,22,21,9,12,12.4,0.7,2.5,26.4,0.2,1.1,20.8,0.5,0.8,68.8,0.2,1,1.2,0.9,0.6,0.4,0.2,1.6,0,0,2.1,-4.6
Josh Smith,HOU,30,33,20,13,14.6,2.1,5.8,36.8,0.5,1.9,29,0.8,1.3,56.8,1.1,2.8,3.9,1.5,1.3,0.6,1.1,2,0,0,5.5,-3.2
Jrue Holiday,NOP,26,37,16,21,25,5,11.4,43.9,1.2,3.1,37.9,2.3,2.9,78.5,0.3,2.4,2.6,5.1,2.1,1.1,0.4,2.3,2,0,13.5,0.6
Julius Randle,LAL,21,45,9,36,26.6,4.1,10.2,40.3,0.1,0.4,27.8,2.2,3.2,67.6,2.3,7.3,9.6,1.6,1.7,0.7,0.4,3,15,0,10.5,-6.9
Justin Anderson,DAL,22,23,12,11,7.6,0.9,2.3,37,0.3,1.2,21.4,0.3,0.5,58.3,0,1.1,1.2,0.3,0.4,0.3,0.2,0.7,0,0,2.3,-0.1
Justin Holiday,CHI,27,25,14,11,10.4,0.9,2.8,32.4,0.4,1.8,22.7,0.2,0.4,50,0.1,0.9,1,0.4,0.5,0.5,0.2,0.8,0,0,2.4,-1.7
Justise Winslow,MIA,20,41,22,19,27,2,5.3,38.7,0.5,2,26.3,0.8,1.2,66,0.8,3.8,4.6,1.3,1.4,0.7,0.4,2.2,0,0,5.4,0.5
Jusuf Nurkic,DEN,21,7,3,4,13.1,2.6,7.3,35.3,0,0,0,2.1,3.7,57.7,2,3.3,5.3,0.4,0.7,0.1,1.3,2.9,1,0,7.3,1.3
KJ McDaniels,HOU,23,15,5,10,3.9,0.5,1.7,32,0.1,0.5,28.6,0.2,0.3,60,0.3,0.6,0.9,0.1,0.3,0.2,0.3,0.8,0,0,1.4,2
Karl-Anthony Towns,MIN,20,45,14,31,29.3,6.6,12.5,52.8,0.3,0.8,38.9,2.4,2.8,85.6,2.6,7.1,9.7,1.3,2.1,0.7,1.8,3.1,21,0,15.8,-2
Kawhi Leonard,SAS,25,42,36,6,32.8,7.3,14.5,50.2,1.8,3.8,47.8,3.7,4.2,88,1.3,5.6,6.9,2.6,1.3,1.9,0.9,1.8,7,0,20,10.3
Keith Appling,ORL,24,2,0,2,7.5,1,3,33.3,0,0.5,0,1,1,100,0,0.5,0.5,0,1,0.5,0,1.5,0,0,3,4.5
Kelly Olynyk,BOS,25,43,22,21,20.9,3.9,8.4,46.3,1.4,3.1,43.7,1,1.5,66.7,1.2,3.3,4.5,1.6,1.2,0.9,0.7,2.5,0,0,10.1,2.7
Kelly Oubre,WAS,20,34,16,18,13.8,1.6,4,40.1,0.6,1.6,37.5,0.7,1,69.7,0.5,2.1,2.6,0.3,0.6,0.4,0.1,1.8,0,0,4.5,-1.3
Kemba Walker,CHA,26,44,21,23,35.9,7.1,16.5,43.3,1.8,4.9,37.3,4.4,5.1,86.2,0.8,3.4,4.2,5,2.2,1.7,0.6,1.4,0,0,20.5,0.1
Kendall Marshall,PHI,24,11,2,9,15,1.5,4.5,34,0.5,1.8,30,0.4,0.5,66.7,0.1,1,1.1,3.4,2.3,0.3,0,0.6,0,0,4,-5
Kendrick Perkins,NOP,31,9,3,6,9.2,1.4,1.8,81.3,0,0,0,0.1,0.4,25,0.7,1.4,2.1,0.6,0.7,0,0.2,1,0,0,3,-6.4
Kenneth Faried,DEN,26,37,14,23,26.5,5.2,9.7,53.6,0,0,0,2.1,3.7,56.6,3.7,5.3,8.9,1.1,1.4,0.5,1.1,2.6,9,0,12.5,-3.6
Kent Bazemore,ATL,26,40,24,16,28.2,4.7,10,46.9,1.7,4.1,42.3,1.9,2.2,84.1,0.3,4.2,4.4,2.4,1.7,1.3,0.5,2.3,0,0,13,0.1
Kentavious Caldwell-Pope,DET,23,44,23,21,37.4,5.4,12.8,42.1,1.6,5.1,31.9,2.4,2.9,81.3,0.8,2.9,3.6,1.9,1.4,1.6,0.3,2.4,1,0,14.8,2.8
Kevin Durant,OKC,27,38,30,8,35.5,9.1,18,50.7,2.3,5.9,39,5.9,6.7,88.9,0.4,7.2,7.7,4.5,2.9,1,1.2,1.6,13,1,26.5,10.5
Kevin Garnett,MIN,40,38,14,24,14.6,1.4,3,47,0,0,0,0.4,0.6,66.7,0.4,3.6,3.9,1.6,0.4,0.7,0.3,1.8,0,0,3.2,1.5
Kevin Love,CLE,27,42,30,12,32.4,5.3,12.7,41.5,2,5.5,36.4,3.1,4,78.9,2.4,8.5,10.9,2.3,2,0.9,0.5,2,20,0,15.6,5.8
Kevin Martin,SAS,33,35,12,23,22.6,3.5,9.2,37.5,1,2.8,36.4,3.3,3.8,88.6,0.3,1.8,2,1.3,1,0.5,0,1.7,0,0,11.3,-2.2
Kevin Seraphin,NYK,26,28,11,17,10.5,1.6,4.3,38.7,0,0,0,0.4,0.5,73.3,0.8,1.5,2.4,1.1,1,0.2,0.8,1.3,0,0,3.7,-2
Khris Middleton,MIL,24,46,19,27,36,6.2,14,44.4,2,4.8,42.3,3.3,3.7,87.8,0.4,3.2,3.5,4,1.9,1.1,0.2,2.7,0,0,17.7,-1.1
Kirk Hinrich,ATL,35,28,17,11,15.7,1.4,3.3,43,0.7,1.6,42.2,0.5,0.6,93.8,0.1,1.3,1.5,1.6,0.8,0.4,0,1.8,0,0,4.1,1.1
Meyers Leonard,POR,24,39,18,21,23.3,3.4,7.8,44.2,1.4,4,34,0.6,0.8,75.8,0.9,4.1,5,1.5,1.2,0.1,0.3,3,2,0,8.9,0.3
Michael Carter-Williams,MIL,24,41,16,25,30.8,4.8,10.6,45.2,0.3,0.9,34.3,2,3,65.9,0.9,4.1,5,5.6,2.9,1.6,0.7,2.8,5,0,11.9,-2.2
Mike Conley,MEM,28,39,21,18,31.5,5.1,12.6,40.6,1.4,4,35.9,3.3,3.9,85,0.5,2.4,2.9,5.8,1.5,1.3,0.3,1.8,3,0,15,-1
Mike Miller,DEN,36,32,14,18,8.7,0.5,1.3,37.2,0.4,1.2,35.9,0,0,0,0.2,1.1,1.3,1,0.4,0.3,0.1,1.1,0,0,1.4,-1.4
Mike Muscala,ATL,24,31,18,13,11.2,1.4,3,46.7,0.3,0.9,31,0.5,0.6,83.3,0.5,1.6,2.2,0.5,0.6,0.3,0.5,1.3,0,0,3.5,-1.2
Mike Scott,ATL,27,39,24,15,14.3,2.6,5.1,51.5,0.9,2.1,42,0.7,0.9,80,0.5,1.7,2.2,1,0.6,0.3,0.3,1.3,0,0,6.9,2.9
Miles Plumlee,MIL,27,26,10,16,7.7,1,1.7,58.1,0,0,0,0.4,0.5,78.6,0.7,1.2,1.9,0.2,0.4,0.2,0.5,0.8,0,0,2.3,-3.2
Mirza Teletovic,PHX,30,44,14,30,18,3.4,7.8,43,2.1,5,42.5,0.9,1.2,73.6,0.6,2.6,3.2,1,0.9,0.3,0.3,1.4,0,0,9.7,-1
Mitch McGary,OKC,24,13,11,2,4.2,0.5,1.1,42.9,0,0.2,0,0.3,0.6,50,0.3,0.7,1,0.2,0.5,0,0.2,0.6,0,0,1.2,-3.5
Mo Williams,CLE,33,27,17,10,22.9,4.1,9,45.3,1,3,33.8,1.3,1.5,90,0.1,2.2,2.3,3.3,1.9,0.4,0.2,1.8,0,0,10.5,-1.3
Monta Ellis,IND,30,44,23,21,33.3,5.6,12.7,43.9,0.9,3.1,28.1,1.8,2.5,74.3,0.4,2.3,2.8,5,2.7,1.7,0.5,2.1,1,0,13.9,2
Montrezl Harrell,HOU,22,25,11,14,10.3,1.4,2.1,65.4,0,0,0,0.8,1.4,54.3,0.6,1.1,1.7,0.4,0.4,0.2,0.2,1.5,0,0,3.5,-0.7
Myles Turner,IND,20,22,10,12,16.8,3.5,6.2,56.2,0,0.1,0,1.6,2.3,68.6,0.9,3,4,0.3,0.6,0.3,1.3,2,0,0,8.6,-2.2
Nate Robinson,NOP,32,2,0,2,11.6,0,0.5,0,0,0.5,0,0,0,0,0,0,0,2,0,0.5,0,2.5,0,0,0,-10
Nemanja Bjelica,MIN,28,39,11,28,18.8,1.6,3.8,41.6,0.8,2.4,35.9,0.5,0.8,60.6,0.7,2.7,3.5,1.4,0.7,0.4,0.4,2.7,1,0,4.5,-1.5
Nene,WAS,33,20,10,10,17.6,3.5,6.2,56.5,0,0.1,0,1.4,2.5,55.1,0.8,3.7,4.5,1.7,1.4,1.1,0.4,3.1,1,0,8.4,1.9
Nerlens Noel,PHI,22,38,6,32,29.3,4.3,8.4,50.9,0,0,0,1.8,3.2,56.1,2.2,6.1,8.3,1.3,2.4,1.6,1.6,2.4,10,0,10.4,-8.1
Nick Collison,OKC,35,38,27,11,12.4,0.8,1.9,41.9,0,0.1,0,0.5,0.7,72,1.2,1.8,3,0.8,0.7,0.3,0.2,1.9,0,0,2.1,0.2
Nick Young,LAL,31,36,8,28,18.7,2.6,7.2,36.4,1.6,4.4,35,0.7,0.9,78.8,0.2,1.3,1.5,0.5,0.6,0.5,0.1,0.8,0,0,7.5,-4.1
Nicolas Batum,CHA,27,37,18,19,34.8,5.2,12.4,41.5,2,5.8,35,2.8,3.3,84.4,0.9,5.3,6.3,5.4,3.1,0.9,0.5,1.8,7,1,15.1,1.4
Nik Stauskas,PHI,22,38,4,34,23.6,2.5,7.1,35.6,1.4,4.5,32.2,0.7,1,64.1,0.3,2.1,2.4,1.8,1.2,0.6,0.4,1.4,0,0,7.2,-6.8
Nikola Jokic,DEN,21,42,15,27,19,3.4,6.3,54.8,0.2,0.6,37,1.8,2.2,80.6,2,3.3,5.3,1.7,1.2,0.9,0.5,2.2,3,0,8.9,1.7
Nikola Mirotic,CHI,25,43,25,18,24.1,3.3,8.8,38.1,1.7,4.8,35.3,2.1,2.7,78.3,0.9,4.9,5.8,1.4,1.5,0.9,0.7,2.1,4,0,10.5,1.7
Nikola Pekovic,MIN,30,8,2,6,14.4,2.1,4.6,45.9,0,0,0,1.9,2.3,83.3,0.6,1.1,1.8,0.9,0.9,0,0,2.3,0,0,6.1,-4.9
Nikola Vucevic,ORL,25,39,18,21,31.1,7.8,15.3,51,0,0.2,16.7,1.2,1.6,73.8,2.9,5.7,8.6,2.7,1.7,0.8,1.1,2.5,18,0,16.8,-0.7
Noah Vonleh,POR,20,46,20,26,15.8,1.4,3.4,42,0.1,0.5,17.4,0.6,0.7,81.3,1.3,2.7,4,0.5,0.6,0.5,0.2,2,0,0,3.5,-1.1
Norman Powell,TOR,23,17,10,7,4.7,0.6,1.9,30.3,0.1,0.4,14.3,0,0.1,0,0.4,0.6,1,0.2,0.2,0.4,0,0.5,0,0,1.2,-0.4
Norris Cole,NOP,27,26,12,14,24.3,3.6,9.4,38.1,0.6,2.3,24.6,0.8,1.1,75,0.2,3,3.3,2.4,1.4,0.8,0.2,2.2,1,0,8.5,-2.3
O.J. Mayo,MIL,28,29,11,18,27.1,3.4,9.1,37.4,1.2,4.1,29.4,1,1.3,78.9,0.3,2.3,2.6,3.1,1.6,1.2,0.1,2.8,0,0,9.1,-1.9
Omer Asik,NOP,29,36,16,20,16.9,1.2,2.3,50,0,0,0,1.1,1.7,63.3,1.7,3.8,5.5,0.4,1,0.3,0.4,2,0,0,3.4,-1.2
Omri Casspi,SAC,28,38,18,20,30,4.7,9.2,50.9,1.9,4.3,44.8,1.2,2.1,59,0.8,5.6,6.4,1.5,1.7,0.8,0.3,2.7,6,0,12.4,2.2
Otto Porter,WAS,23,34,15,19,32,4.9,10.6,45.8,1.2,3.8,31.3,1.6,2,78.3,1.4,4.2,5.6,2.1,1.2,1.6,0.4,2.4,3,0,12.5,-0.7
PJ Hairston,MEM,23,41,19,22,19.9,2.2,6.1,36.8,1.2,3.8,31.6,0.8,1,82.1,0.4,2.4,2.8,0.7,0.5,0.5,0.1,2.3,1,0,6.5,-2.4
PJ Tucker,PHX,31,45,14,31,28.4,2.5,6,41,0.8,2.2,35,1,1.3,74.1,1.7,4,5.6,1.6,1.1,1.2,0.2,2.2,1,0,6.7,-3.5
Pablo Prigioni,LAC,39,23,15,8,14.1,0.9,2.2,41.2,0.5,1.4,33.3,0.1,0.1,100,0.7,1.1,1.8,2.2,0.8,1.1,0,1.3,0,0,2.4,-0.7
Pat Connaughton,POR,23,18,7,11,3,0.2,1,22.2,0.1,0.4,25,0.1,0.1,100,0.2,0.4,0.6,0.1,0.3,0.1,0,0.2,0,0,0.7,-0.1
Patrick Beverley,HOU,27,34,17,17,25.6,3.2,7.6,42.5,1.7,4,43.7,0.7,1.1,69.4,0.6,2,2.6,2.5,1.3,1.1,0.3,3.1,0,0,8.9,0.4
Patrick Patterson,TOR,27,43,28,15,23.9,2.4,6.1,39.3,1.3,4,33.9,0.2,0.2,90,0.8,3.4,4.2,1.1,0.8,0.7,0.3,1.4,0,0,6.3,3.2
Patty Mills,SAS,27,44,38,6,20.3,3,7,43.4,1.4,3.6,38,0.4,0.5,80,0.3,1.5,1.8,2.4,0.8,0.9,0.1,1.1,0,0,7.8,7.6
Pau Gasol,CHI,35,41,24,17,31.5,6.5,14,46.7,0.2,0.6,34.6,3.2,4,79.5,2.3,8.4,10.8,3.1,2,0.6,2.1,2,24,0,16.5,1.4
Paul George,IND,26,44,23,21,35.4,7.5,18.2,41.2,2.9,7.5,38,5.9,6.9,84.9,0.9,6.3,7.2,3.8,3.8,2,0.3,2.9,9,0,23.7,3.3
Paul Millsap,ATL,31,44,26,18,32.8,6.5,13.2,49.4,0.8,2.7,30.5,4.5,5.8,78.1,2.5,6.3,8.8,3.5,2.3,1.9,1.4,3,16,0,18.4,0.5
Paul Pierce,LAC,38,40,27,13,17.4,2,5.6,35.1,1.1,3.5,31.9,0.8,0.9,81.1,0.2,2.6,2.8,0.9,0.7,0.5,0.2,1.7,0,0,5.8,0.1
Phil Pressey,POR,25,14,1,13,12.1,1.5,3.9,38.2,0.3,0.9,30.8,0.6,1.3,50,0,1.6,1.6,3.3,1.4,0.8,0.1,1,0,0,3.9,-0.4
Quincy Acy,SAC,25,22,8,14,11,1.4,2.5,57.4,0.2,0.4,50,0.7,1,72.7,0.9,1.5,2.4,0.4,0.3,0.4,0.4,1.3,0,0,3.7,-2.1
RJ Hunter,BOS,22,22,13,9,11,1.1,3.3,34.7,0.5,2.1,25.5,0.2,0.3,83.3,0.1,1.2,1.3,0.4,0.3,0.5,0.2,1.3,0,0,3,-1.3
Rajon Rondo,SAC,30,41,19,22,35,4.9,10.9,44.9,0.7,2.1,32.9,1.2,2.2,56,1.2,5.3,6.5,11.6,3.9,1.8,0.2,2.2,21,5,11.7,-0.9
Ramon Sessions,WAS,30,41,20,21,21.3,3.4,7.1,47.4,0.5,1.4,32.2,2.8,3.7,76.8,0.3,2.2,2.5,3,1.3,0.7,0.1,1.5,0,0,10.1,-0.8
Randy Foye,OKC,32,44,17,27,19.9,2.2,6.4,34.3,0.9,3.2,28.2,0.8,1,82.2,0.3,1.5,1.8,2.1,1.1,0.5,0.3,1.5,0,0,6.2,-1.5
Rashad Vaughn,MIL,19,38,16,22,11.3,0.8,2.7,29.8,0.5,1.4,36.5,0.2,0.2,88.9,0.2,1,1.2,0.4,0.4,0.3,0.2,0.8,0,0,2.3,-3.1
Rasual Butler,SAS,37,28,26,2,9.2,1,2.3,44.6,0.4,1.2,30.3,0.3,0.4,70,0,1.2,1.2,0.6,0.2,0.3,0.5,0.2,0,0,2.7,2.6
Raul Neto,UTA,24,42,19,23,19.3,2.3,5.4,41.7,0.8,2.1,38.9,0.5,0.6,74.1,0.3,1.2,1.5,2.4,1.4,0.9,0,1.6,0,0,5.8,0.1
Ray McCallum,SAS,25,18,17,1,9.9,1.1,2.4,43.2,0.1,0.5,22.2,0.3,0.3,100,0.2,0.9,1.1,1.3,0.4,0.2,0.2,0.6,0,0,2.6,1.7
Raymond Felton,DAL,32,44,24,20,26.5,3.3,8.2,40.4,0.9,2.7,32.5,1.7,2,84.9,0.3,2.8,3.1,3.4,1.6,0.8,0.2,1.6,2,1,9.2,-0.4
Reggie Bullock,DET,25,17,10,7,5.1,0.1,1.1,5.3,0.1,0.6,10,0.2,0.2,100,0.2,0.3,0.5,0.2,0.1,0.1,0,0.3,0,0,0.4,-4.2
Reggie Jackson,DET,26,44,23,21,30.9,7,16.2,43.3,1.4,4.1,34.1,3.5,4.1,84.6,0.8,2.9,3.7,6.6,2.8,0.8,0.1,2.2,5,0,18.9,2.6
Richard Jefferson,CLE,36,39,29,10,19.5,2,4.6,43.6,0.9,2.5,37.5,0.7,1.3,58,0.2,1.3,1.4,0.8,0.7,0.5,0.3,1.9,0,0,5.7,-1.5
Richaun Holmes,PHI,22,32,5,27,14,2.5,4.2,59,0.2,0.9,20.7,1.1,1.5,72.3,1.1,1.2,2.3,0.6,0.6,0.3,0.7,1.7,0,0,6.2,-1.9
Ricky Rubio,MIN,25,39,13,26,30.2,2.8,7.9,35.2,0.7,2.3,30.3,3.4,4.1,83.2,0.7,3.7,4.4,8.6,2.4,2.2,0.1,2.6,5,0,9.7,0.6
Robert Covington,PHI,25,35,6,29,26.2,3.6,9.6,37.3,2,6.1,33.5,1.7,2.2,78.9,0.8,4.7,5.5,1.6,2.4,1.6,0.6,3.4,2,0,10.9,-5
Robert Sacre,LAL,27,15,2,13,13,1.2,2.9,40.9,0,0,0,0.7,1.3,50,1.1,1.3,2.5,0.7,0.5,0.1,0.5,1.8,0,0,3.1,-3.1
Robin Lopez,NYK,28,46,22,24,25.1,3.8,7.3,51.9,0,0,0,1.2,1.5,82.4,2.5,3.5,6,1.5,1.6,0.2,1.4,2.6,4,0,8.8,-1
Rodney Hood,UTA,23,41,18,23,30.5,4.7,11.4,41.2,1.8,5.2,34.9,2.4,2.7,88.4,0.4,2.8,3.2,2.6,1.6,0.9,0.2,3,0,0,13.6,0.7
Rodney Stuckey,IND,30,33,19,14,25,3.6,8.8,41,0.3,1.5,20.8,2.3,2.8,82.8,0.5,3,3.4,2.6,1.5,0.8,0.2,1.4,0,0,9.8,0.5
Rondae Hollis-Jefferson,BKN,21,19,5,14,22,2.1,4.3,48.1,0.1,0.3,20,1.1,1.6,66.7,1.7,4.4,6.1,1.4,1.1,1.4,0.4,2.2,2,0,5.2,-2.4
Ronnie Price,PHX,33,34,11,23,14.8,1.4,3.6,38.2,0.9,2.5,38.1,0.5,0.6,89.5,0.3,0.8,1.1,1.7,0.8,1.1,0.1,2.3,0,0,4.2,0.7
Roy Hibbert,LAL,29,46,9,37,25.2,2.4,5.6,43.8,0,0,0,1.9,2.2,84.3,1.7,3.9,5.6,1.4,1.2,0.4,1.6,3.2,3,0,6.7,-8
Rudy Gay,SAC,29,39,16,23,34,7.1,15.2,46.6,1,3.2,32.5,2.7,3.4,78.9,1.6,5.2,6.8,1.7,1.8,1.3,0.7,2.6,3,0,17.9,-1.8
Rudy Gobert,UTA,24,23,12,11,32.7,3.4,5.9,57.8,0,0,0,2.4,4,60.9,3.1,7,10.1,1.7,1.9,0.8,2.7,3.2,5,0,9.2,3.9
Russ Smith,MEM,25,15,6,9,4.4,0.5,1.5,31.8,0.1,0.3,20,0.5,0.9,61.5,0.1,0.5,0.6,0.7,0.5,0.3,0.1,0.3,0,0,1.5,-2.7
Russell Westbrook,OKC,27,45,33,12,33.8,8.4,18.5,45.2,1.2,4.1,28.5,6,7.3,81.8,1.7,5.4,7.1,9.8,4.2,2.5,0.3,2.4,28,5,23.9,9.9
Ryan Anderson,NOP,28,41,15,26,31.3,5.9,13.6,43.6,2.1,5.4,39.1,2.9,3.3,88.1,1.9,4.1,6,1,1.6,0.6,0.4,1.7,4,0,16.8,0.4
Ryan Hollins,MEM,31,11,5,6,9.8,1,1.7,57.9,0,0,0,0.2,0.3,66.7,1.3,0.9,2.2,0.3,0.5,0.2,0.5,1.4,0,0,2.2,-5.2
Ryan Kelly,LAL,25,17,0,17,13.5,1.8,4.6,38,0.3,1.5,19.2,1.4,1.9,72.7,0.6,3.2,3.8,0.8,0.6,0.3,0.4,0.9,0,0,5.2,-1.3
Salah Mejri,DAL,30,7,2,5,7.5,1.1,1.4,80,0,0,0,0.9,1.3,66.7,0.4,1.7,2.1,0.1,0.4,0.1,0.7,0.9,0,0,3.1,3.3
Sam Dekker,HOU,22,3,1,2,2,0,0,0,0,0,0,0,0,0,0,0.3,0.3,0,0,0.3,0,0,0,0,0,-0.7
Sasha Kaun,CLE,31,9,7,2,4.3,0.3,0.6,60,0,0,0,0.2,0.4,50,0.9,0.2,1.1,0.2,0.7,0.2,0.2,0.7,0,0,0.9,-1
Sasha Vujacic,NYK,32,29,13,16,12.2,1.1,3.6,29.5,0.4,1.8,23.5,0.3,0.5,71.4,0.3,1.4,1.8,1.2,0.7,0.5,0.1,1.1,0,0,2.9,-0.9
Sean Kilpatrick,BKN,26,5,2,3,6.9,0.6,2.2,27.3,0.6,2.2,27.3,0.6,0.8,75,0.2,0.2,0.4,0.2,0.2,0.4,0,0.6,0,0,2.4,-3.6
Serge Ibaka,OKC,26,45,33,12,32.6,5.6,11.3,49.6,0.8,2,40.2,1.2,1.6,75.7,1.8,4.9,6.7,0.8,1.6,0.4,2.2,2.6,4,0,13.2,8.4
Sergey Karasev,BKN,22,19,3,16,6.1,0.4,1,42.1,0.1,0.5,20,0.3,0.3,100,0.1,0.7,0.8,0.2,0.3,0.1,0,0.3,0,0,1.3,-0.7
Seth Curry,SAC,25,22,9,13,10.8,1.1,2.6,43.9,0.5,1.2,40.7,0.8,0.9,85,0.1,0.7,0.8,0.8,0.5,0.3,0,0.6,0,0,3.5,0.7
Shabazz Muhammad,MIN,23,45,14,31,20.2,3.6,7.6,48.1,0.6,1.8,32.1,2.1,2.7,77,1,2.1,3.1,0.4,0.9,0.2,0.1,1.2,0,0,10,-3.4
Shabazz Napier,ORL,24,36,18,18,12.1,1.4,4,34,0.6,1.9,31.3,0.8,1,80.6,0.2,0.8,1,2,1,0.5,0,0.8,0,0,4.1,-0.8
Shane Larkin,BKN,23,40,10,30,20.3,2.7,6.1,44.5,0.6,1.5,39,0.8,1,76.9,0.2,1.9,2.1,3.7,1.6,1.2,0.2,1.6,0,0,6.8,-5
Shaun Livingston,GSW,30,41,37,4,19.9,2.6,5.1,50.7,0,0.3,9.1,0.9,1,92.3,0.6,1.3,1.9,2.9,0.8,0.5,0.3,1.8,0,0,6.1,0.8
Shayne Whittington,IND,25,2,0,2,3.3,0.5,0.5,100,0,0,0,0,0,0,0,0.5,0.5,1,1,0,0.5,1,0,0,1,-3.5
Shelvin Mack,UTA,26,18,10,8,8.7,1.9,4.3,43.6,0.2,1.2,18.2,0.4,0.6,72.7,0.1,0.9,1,1.9,0.7,0.4,0,0.3,0,0,4.4,-1.2
Solomon Hill,IND,25,23,10,13,10.7,1.2,2.9,40.3,0.1,0.9,15,0.4,0.4,100,0.5,1.5,2,0.7,0.3,0.4,0.3,0.9,0,0,2.9,-0.3
Sonny Weems,PHX,29,23,6,17,10.3,0.7,1.9,37.2,0.3,0.7,37.5,0.3,0.5,63.6,0.2,1,1.2,1.3,1,0.3,0,1,0,0,2,-2.1
Spencer Dinwiddie,CHI,23,9,4,5,12.3,1.6,3.9,40,0.1,0.8,14.3,1.2,2.1,57.9,0,1,1,1.4,0.6,0.2,0,1.8,0,0,4.4,-5.3
Spencer Hawes,CHA,28,38,18,20,17.8,2.1,5.3,39,0.6,1.8,32.8,0.9,1.1,85.7,0.8,3.4,4.2,2,1,0.4,0.3,1.9,1,0,5.6,1.5
Stanley Johnson,DET,20,44,23,21,22.2,3.1,8.3,37.8,0.9,2.8,31.7,1,1.3,79.3,0.8,3.2,4,1.3,1.4,0.7,0.2,2.3,2,0,8.2,-1
Stephen Curry,GSW,28,42,39,3,33.9,10,19.5,51,4.9,10.8,45.1,5.3,5.9,91.1,0.8,4.6,5.4,6.6,3.4,2.1,0.1,2,9,2,30.1,15.8
Steve Blake,DET,36,29,17,12,15.5,1.6,4.2,38.8,0.9,2.7,35.1,0.2,0.2,71.4,0.2,1.3,1.6,3,1.4,0.5,0.1,1,0,0,4.3,-1.1
Steve Novak,MIL,33,5,5,0,4.2,0.8,1.8,44.4,0.6,1.2,50,0,0,0,0,0.6,0.6,0,0,0,0,0.2,0,0,2.2,0.4
Steven Adams,OKC,22,44,32,12,24.3,2.8,4.7,60,0,0,0,1.5,2.4,62.5,2.5,3.8,6.3,0.6,0.9,0.4,1.2,2.8,4,0,7.1,7
TJ McConnell,PHI,24,44,6,38,21.3,2.6,5.6,46,0.5,1.3,34.5,0.3,0.5,68.2,0.6,3.2,3.7,4.9,2,1.3,0.2,1.5,0,0,6,-3.3
TJ Warren,PHX,22,44,14,30,22.8,4.7,9.5,49.8,0.6,1.5,40.9,1,1.4,71.7,1.3,1.9,3.2,0.9,0.7,0.8,0.4,2,1,0,11,-2.3
Taj Gibson,CHI,31,43,25,18,25.4,3.3,6.4,51.3,0,0,0,1.2,1.7,68,2.9,4.2,7,1.3,1,0.5,1,2.3,4,0,7.8,-1.3
Player,TEAM,AGE,GP,W,L,MIN,FGM,FGA,FG%,3PM,3PA,3P%,FTM,FTA,FT%,OREB,DREB,REB,AST,TOV,STL,BLK,PF,DD2,TD3,PTS,+/-
Tarik Black,LAL,24,13,1,12,11.5,1.7,2.8,59.5,0,0,0,0.5,1.5,36.8,1.2,3.2,4.4,0.2,0.6,0.2,0.3,1.9,0,0,3.9,1.5
Tayshaun Prince,MIN,36,45,14,31,20.9,1.5,3.2,47.9,0,0.3,16.7,0.1,0.2,54.5,0.4,1.6,2,0.9,0.4,0.5,0.2,0.8,0,0,3.2,-1
Terrence Jones,HOU,24,39,19,20,23.4,3.9,8.4,46,0.6,1.8,34.7,1.6,2.5,65.3,1.5,3.4,4.9,1,1.2,0.5,0.9,1.9,0,0,10,-3.7
Terrence Ross,TOR,25,37,26,11,22.9,3.1,7.2,43.2,1.6,4.2,37.7,0.5,0.6,90.9,0.3,1.9,2.2,0.6,0.8,0.8,0.4,1.5,0,0,8.3,2.8
Terry Rozier,BOS,22,16,10,6,6,0.8,2.9,26.1,0.1,0.7,18.2,0.1,0.1,100,0.4,0.6,1,0.6,0.5,0,0,0.6,0,0,1.7,-0.5
Thabo Sefolosha,ATL,32,39,21,18,24.3,2.8,5.5,51.6,0.5,1.8,28.6,0.9,1.4,64.2,0.7,3.9,4.6,1.5,0.9,1.4,0.5,1.5,0,0,7,0.2
Thaddeus Young,BKN,28,44,11,33,32.2,6.9,13.4,51.3,0.1,0.5,21.7,1.4,2.4,59.6,2.6,6.3,8.9,1.5,1.9,1.5,0.4,2.5,19,0,15.3,-5.3
Thomas Robinson,BKN,25,39,9,30,9.9,1.5,3,49.2,0,0,0,0.5,0.9,55.6,1.3,2.2,3.5,0.2,0.7,0.4,0.5,1.1,1,0,3.5,-2
Tiago Splitter,ATL,31,32,20,12,16,2.3,4.4,51.1,0,0.1,0,1,1.3,80,1.3,2,3.3,0.8,0.7,0.5,0.4,2,0,0,5.5,3.1
Tibor Pleiss,UTA,26,11,6,5,7.1,1,2.3,44,0,0.2,0,0.2,0.2,100,0.5,0.8,1.4,0.2,0.7,0.1,0.2,1.7,0,0,2.2,-1.5
Tim Duncan,SAS,40,37,31,6,25.9,3.6,7.2,50.8,0,0.1,0,1.6,2.1,74.4,1.7,5.8,7.5,3,1.7,0.9,1.3,2.4,8,0,8.9,9.2
Tim Frazier,NOP,25,30,14,16,8.3,0.6,1.9,33.9,0.1,0.5,18.8,0.3,0.4,61.5,0.3,0.9,1.2,1.3,0.9,0.3,0,1,0,0,1.6,-0.7
Tim Hardaway Jr.,ATL,24,14,7,7,14,1.3,3.6,35.3,0.5,1.9,25.9,0.6,0.6,88.9,0.1,1.1,1.2,1.1,0.4,0.4,0.1,0.6,0,0,3.6,5.3
Timofey Mozgov,CLE,29,39,28,11,18,2.6,5.1,51,0,0.2,14.3,1.1,1.4,76.4,1.5,2.8,4.3,0.4,1,0.4,0.8,2.1,0,0,6.3,-0.1
Tobias Harris,DET,23,42,20,22,33.1,5.1,11.1,46.3,0.9,3,29.4,2.5,3.2,79.7,1.4,5.7,7.1,2.2,1.6,1,0.6,1.9,10,0,13.7,0
Toney Douglas,NOP,30,22,8,14,14.6,2.2,5,44,0.9,2.2,41.7,0.9,1,90.9,0.4,0.8,1.1,1.9,0.8,1,0,1.9,0,0,6.2,-1
Tony Allen,MEM,34,38,22,16,24.1,2.7,6.4,42,0.2,0.6,37.5,0.9,1.6,57.4,1.7,2.8,4.5,1,1.1,1.7,0.3,2.9,1,0,6.5,-1.3
Tony Parker,SAS,34,40,34,6,27.1,5.3,10,52.6,0.4,0.9,41.2,1.8,2.4,76,0.3,2.3,2.6,5.1,1.6,0.9,0.2,1.6,1,0,12.7,7
Tony Snell,CHI,24,41,25,16,21.9,2.1,5.8,36.9,1,2.9,36.8,0.5,0.5,90.9,0.3,3.2,3.5,1,1,0.3,0.3,1.5,1,0,5.8,1.8
Tony Wroten,NYK,23,8,0,8,18,2.8,8.1,33.8,0.4,2.1,17.6,2.5,4.6,54.1,0.3,2.4,2.6,2.5,3.6,0.4,0,1.4,0,0,8.4,-8.5
Trevor Ariza,HOU,31,44,22,22,34.2,4.1,10.3,39.5,2.1,5.8,35.4,1.3,1.7,76.3,0.7,4,4.7,1.9,1.4,1.8,0.2,2.2,0,0,11.5,-1.1
Trevor Booker,UTA,28,41,18,23,23.2,2.2,5.2,43.2,0.1,0.5,23.8,1.1,1.5,72.1,2.7,4,6.7,1,1.3,0.9,0.5,2.5,4,0,5.7,-0.6
Trey Burke,UTA,23,43,19,24,24.6,5,11.4,43.6,1.5,4.3,35.5,1.2,1.5,78.5,0.3,1.7,2.1,2.7,1.4,0.7,0.1,1.3,0,0,12.7,0.3
Trey Lyles,UTA,20,41,17,24,18.6,2,4.5,43.5,0.5,1,47.5,0.6,1,61,1,3.2,4.2,0.8,0.8,0.3,0.3,1.5,0,0,5,-0.4
Tristan Thompson,CLE,25,42,30,12,27.2,2.9,5.3,55.4,0,0,0,1.7,2.9,59.5,3.2,6.1,9.4,0.7,0.7,0.3,0.4,2.5,10,0,7.6,4.1
Troy Daniels,CHA,24,22,11,11,9.5,1.6,3.6,43.8,1.1,2.4,48.1,0.1,0.2,75,0.1,0.9,1,0.4,0.4,0.3,0,0.9,0,0,4.5,0.2
Ty Lawson,IND,28,38,16,22,24.6,2.4,6.2,39.1,0.6,1.9,32.4,1.2,1.7,70.8,0.5,1.4,1.9,4.1,1.8,0.9,0.1,1.5,1,0,6.7,-1.9
Tyler Ennis,MIL,21,20,9,11,9.3,1.2,2.9,40.4,0.2,0.7,30.8,0.4,0.5,70,0.2,0.8,0.9,1,0.6,0.2,0.1,1,0,0,2.9,-2.8
Tyler Hansbrough,CHA,30,24,13,11,7.7,0.8,1.8,43.2,0.1,0.1,66.7,0.7,1.3,50,1,1,2,0.3,0.5,0.2,0.2,1.3,0,0,2.3,-0.4
Tyler Johnson,MIA,24,34,17,17,24,3.3,6.9,48.1,0.8,2.1,38.6,1.5,1.9,79.7,0.8,2.2,3.1,2.2,1.3,0.7,0.4,1.8,0,0,8.9,-0.3
Tyler Zeller,BOS,26,27,16,11,8.8,1.7,3.9,45.2,0,0,0,0.9,1.4,67.6,0.8,1.5,2.3,0.3,0.7,0.1,0.1,1.4,0,0,4.4,-0.9
Tyreke Evans,NOP,26,24,11,13,31.2,5.6,12.8,43.5,1.3,3.4,39,3.1,3.8,82.2,0.8,4.5,5.3,6.8,3,1.3,0.3,2.7,6,0,15.6,0.4
Tyson Chandler,PHX,33,36,11,25,23.1,1.9,4.1,47.9,0,0,0,1.7,2.6,66.3,2.6,5.7,8.3,0.9,1.2,0.6,0.6,2,6,0,5.6,-6.1
Tyus Jones,MIN,20,9,1,8,10.9,1.2,3.4,35.5,0.2,0.4,50,0.3,0.6,60,0.3,1.3,1.7,1.6,0.9,0.4,0.1,0.7,0,0,3,-9.2
Udonis Haslem,MIA,36,21,12,9,8,0.7,1.8,36.8,0,0.3,16.7,0.3,0.3,100,0.3,1.9,2.2,0.6,0.2,0.2,0.1,0.6,0,0,1.7,-0.8
Victor Oladipo,ORL,24,38,19,19,30.3,5.2,12.6,41.2,1.4,3.9,36.1,2.1,2.6,81.6,0.6,4.3,4.8,3.9,2.2,1.3,0.6,2.3,2,1,13.9,0.5
Vince Carter,MEM,39,27,16,11,13.1,1.2,3.9,30.5,0.5,2.1,24.1,0.7,0.8,85.7,0.3,1.4,1.7,0.7,0.4,0.4,0.3,1.6,0,0,3.6,-0.8
Walter Tavares,ATL,24,8,4,4,7.2,1,1.9,53.3,0,0,0,0.4,1,37.5,0.8,1.1,1.9,0.3,0.5,0.1,0.6,0.6,0,0,2.4,-2.9
Wayne Ellington,BKN,28,43,10,33,18.5,2.4,6.4,37.8,0.9,2.8,31.1,0.6,0.7,80,0.2,1.8,2,0.8,0.6,0.6,0.1,0.9,0,0,6.3,-4.2
Wesley Johnson,LAC,28,43,28,15,17.9,2.4,5.5,43.2,1.2,3.5,34,0.4,0.7,60.7,0.4,2,2.5,0.5,0.6,0.9,0.6,1.8,0,0,6.3,1.5
Wesley Matthews,DAL,29,41,23,18,33,4.4,11.3,39,2.5,6.9,35.6,1.6,1.9,85.9,0.4,2.8,3.2,1.7,1.1,1.1,0.3,2.2,0,0,12.9,3
Will Barton,DEN,25,44,17,27,29,5.6,12.7,44.2,1.6,4.3,38.1,2.5,3,85.5,0.9,5.1,6.1,2.4,1.6,0.9,0.4,1.8,3,0,15.4,-1.4
Willie Cauley-Stein,SAC,22,29,14,15,19.1,2.3,3.8,60.6,0,0,0,1,1.9,52.7,2,3.6,5.6,0.4,0.6,0.7,1.1,2.2,2,0,5.6,2.2
Willie Reed,BKN,26,24,5,19,10.3,1.8,3.1,58.7,0,0,0,0.6,1.3,50,1,1.7,2.7,0.2,0.5,0.1,0.5,1.3,0,0,4.3,-1.4
Zach LaVine,MIN,21,45,14,31,23,4.4,10.6,41.4,0.9,2.8,33.1,2.1,2.5,83.3,0.4,2.6,3.1,3.1,2,0.6,0.1,2.2,0,0,11.8,-3.4
Zach Randolph,MEM,34,40,22,18,28.6,5.7,11.9,48.1,0,0.2,16.7,2.3,3,76,3,5.1,8,1.5,1.4,0.6,0.2,2,10,0,13.8,-0.9
Zaza Pachulia,DAL,32,43,24,19,29.2,3.5,7.3,47.9,0,0,0,3.4,4.3,79.3,3.7,7,10.7,1.9,1.9,1,0.4,2.7,20,0,10.4,1
,,,,,,,,,,,,,,,,,,,,,,,,,,,
Klay Thompson,GSW,26,42,38,4,32.9,7.4,16.1,46,3.2,7.5,42.5,2.6,3.1,82.4,0.5,3.4,3.9,2.4,1.9,0.5,0.8,2,0,0,20.5,12.2
,,,,,,,,,,,,,,,,,,,,,,,,,,,
Kobe Bryant,LAL,37,38,7,31,29.1,5.5,15.9,34.7,1.6,6.6,24.9,3.2,4,78.4,0.7,3.3,3.9,3.5,2.3,0.9,0.2,1.9,1,0,15.8,-9
,,,,,,,,,,,,,,,,,,,,,,,,,,,
Kosta Koufos,SAC,27,42,20,22,20.6,3.2,5.9,53.4,0,0,0,1,1.6,58,2.4,3.6,6,0.3,0.8,0.5,0.9,2.6,3,0,7.3,-4
,,,,,,,,,,,,,,,,,,,,,,,,,,,
Kostas Papanikolaou,DEN,25,26,8,18,11.3,0.9,2.5,36.4,0.4,1.2,31.3,0.3,0.5,64.3,0.3,1.2,1.5,0.6,0.8,0.5,0.2,0.9,0,0,2.6,-0.3
,,,,,,,,,,,,,,,,,,,,,,,,,,,
Kris Humphries,ATL,31,27,13,14,17.1,2.4,5.8,40.8,0.9,2.4,34.8,1.1,1.1,93.5,1,3.2,4.2,0.6,0.7,0.1,0.5,1.6,0,0,6.7,-3.1
,,,,,,,,,,,,,,,,,,,,,,,,,,,
Kristaps Porzingis,NYK,20,46,22,24,28.2,5.1,12,42.6,1.1,3.2,33.8,2.7,3.1,85.4,2.1,5.8,7.8,1.2,1.7,0.8,2,2.9,16,0,14,1.2
,,,,,,,,,,,,,,,,,,,,,,,,,,,
Kyle Anderson,SAS,22,41,36,5,12.2,1.4,2.7,50.5,0.1,0.4,33.3,0.7,1,71.4,0.2,1.9,2.1,1.1,0.6,0.4,0.4,1,0,0,3.6,3.2
,,,,,,,,,,,,,,,,,,,,,,,,,,,
Kyle Korver,ATL,35,43,24,19,30.5,3.4,8,42.3,1.9,5.1,36.5,0.7,0.8,86.1,0.2,3.4,3.6,2.1,1.4,0.8,0.5,2,0,0,9.4,3.1
,,,,,,,,,,,,,,,,,,,,,,,,,,,
Kyle Lowry,TOR,30,43,28,15,36.5,6.6,15.7,41.9,2.7,7.1,38.1,4.8,5.5,88.1,0.7,4.3,5,6.4,3,2.3,0.6,2.7,7,0,20.7,5
,,,,,,,,,,,,,,,,,,,,,,,,,,,
Kyle O'Quinn,NYK,26,36,18,18,11.7,1.9,3.8,50.4,0,0.3,0,0.8,1.1,76.9,1.2,2.6,3.9,1.2,1.1,0.4,0.6,1.8,1,0,4.7,-0.8
,,,,,,,,,,,,,,,,,,,,,,,,,,,
Kyle Singler,OKC,28,34,24,10,11.8,1,2.8,35.4,0.4,1.4,30.6,0.4,0.7,65.2,0.5,1.2,1.7,0.2,0.5,0.4,0.1,1.6,0,0,2.9,-1.1
,,,,,,,,,,,,,,,,,,,,,,,,,,,
Kyrie Irving,CLE,24,16,12,4,27,6,14.6,41.2,1.2,4.2,28.4,2.6,3,87.5,1,1.8,2.8,3.8,1.9,0.8,0.3,1.3,0,0,15.8,5.8
,,,,,,,,,,,,,,,,,,,,,,,,,,,
LaMarcus Aldridge,SAS,30,40,34,6,29.5,6.6,13.6,48.7,0,0.3,0,2.7,3.4,80.6,2.6,6.3,8.9,1.3,1.4,0.3,0.9,2.2,13,0,15.9,7.4
,,,,,,,,,,,,,,,,,,,,,,,,,,,
Lamar Patterson,ATL,24,29,19,10,12.8,0.9,2.4,36.6,0.4,1.5,25.6,0.5,0.7,70,0.1,1.6,1.7,1.3,0.7,0.2,0.1,1.5,0,0,2.7,1.3
,,,,,,,,,,,,,,,,,,,,,,,,,,,
Lance Stephenson,MEM,25,35,22,13,15.8,1.5,3.7,42.2,0.4,1.1,35,0.5,0.7,69.6,0.5,1.9,2.4,1.5,1.1,0.5,0.1,1.8,0,0,3.9,-1.3
,,,,,,,,,,,,,,,,,,,,,,,,,,,
Lance Thomas,NYK,28,43,21,22,21.3,3.1,6.6,46.3,0.8,1.9,41.5,1.8,2,89.5,0.6,1.5,2.1,0.9,1,0.4,0.1,1.7,0,0,8.7,-1.3
,,,,,,,,,,,,,,,,,,,,,,,,,,,
Langston Galloway,NYK,24,46,22,24,24,2.7,6.6,41.7,0.9,2.5,37.1,1.1,1.4,80,0.5,2.9,3.4,2.2,0.7,0.8,0.2,2,1,0,7.5,-0.9
,,,,,,,,,,,,,,,,,,,,,,,,,,,
Larry Nance Jr.,LAL,23,37,9,28,20.5,2.7,5,54.1,0,0.1,33.3,0.5,0.8,71.4,1.5,3.5,5,0.6,0.6,0.9,0.3,1.9,3,0,6,-3.8
,,,,,,,,,,,,,,,,,,,,,,,,,,,
Lavoy Allen,IND,27,43,22,21,21.6,2.6,5.2,49.3,0,0,0,0.4,0.7,57.1,2.1,3.3,5.4,1,1,0.4,0.5,1.8,2,0,5.5,3.8
,,,,,,,,,,,,,,,,,,,,,,,,,,,
LeBron James,CLE,31,41,30,11,35.7,9.5,19,49.9,1.1,4,28.8,4.9,6.8,71.1,1.2,6,7.3,6.2,3.2,1.4,0.7,1.9,15,0,25,7.7
,,,,,,,,,,,,,,,,,,,,,,,,,,,
Leandro Barbosa,GSW,33,31,28,3,14.4,2.6,5.8,45.6,0.6,1.7,38.5,0.7,0.8,84,0.3,1.1,1.4,1.5,1,0.9,0.2,1.6,0,0,6.6,0.7
,,,,,,,,,,,,,,,,,,,,,,,,,,,
Lorenzo Brown,DET,25,6,1,5,9.2,1.2,3.8,30.4,0.2,1.2,14.3,0.5,0.7,75,0,1.2,1.2,1.8,1.3,0.5,0,0.5,0,0,3,-4.5
,,,,,,,,,,,,,,,,,,,,,,,,,,,
Lou Amundson,NYK,33,18,8,10,7.7,0.9,1.9,45.7,0,0,0,0.5,1,50,0.7,1.3,2,0.4,0.3,0.3,0.2,1.7,0,0,2.3,-0.9
,,,,,,,,,,,,,,,,,,,,,,,,,,,
Lou Williams,LAL,29,44,9,35,29.2,4.4,10.8,40.8,1.6,4.8,33.5,5.1,6.2,83.1,0.4,2.3,2.7,2.7,1.6,1,0.3,1.8,0,0,15.5,-8
,,,,,,,,,,,,,,,,,,,,,,,,,,,
Luc Mbah a Moute,LAC,29,41,27,14,15.1,1.1,2.5,44.2,0.2,0.6,37.5,0.4,0.7,60.7,0.9,1.5,2.5,0.3,0.4,0.4,0.3,1.3,0,0,2.9,2.2
,,,,,,,,,,,,,,,,,,,,,,,,,,,
Lucas Nogueira,TOR,23,14,7,7,8.1,1.2,1.6,73.9,0,0.1,0,0.3,0.5,57.1,0.5,1.1,1.6,0.2,0.3,0.5,0.3,1.1,0,0,2.7,-0.7
,,,,,,,,,,,,,,,,,,,,,,,,,,,
Luis Montero,POR,23,7,2,5,3.3,0.7,1.9,38.5,0.1,0.7,20,0.3,0.3,100,0,0.3,0.3,0.1,0.3,0,0,0.1,0,0,1.9,-0.9
,,,,,,,,,,,,,,,,,,,,,,,,,,,
Luis Scola,TOR,36,43,28,15,23.5,4.2,9.1,46.4,0.7,1.7,43.8,1,1.2,79.2,1.4,4.2,5.6,0.8,0.9,0.6,0.4,2.5,2,0,10.1,2.2
,,,,,,,,,,,,,,,,,,,,,,,,,,,
Luke Babbitt,NOP,27,21,8,13,14.3,1.3,3.5,37,0.8,2.4,31.4,0.4,0.5,72.7,0.2,2.3,2.5,0.5,0.2,0,0.1,1.8,0,0,3.7,-2
,,,,,,,,,,,,,,,,,,,,,,,,,,,
Luol Deng,MIA,31,37,20,17,31.2,3.6,8.5,42.2,1.2,3.5,35.4,1.5,1.9,78.9,0.9,3.8,4.7,1.5,0.9,0.9,0.3,1.5,1,0,9.9,-2.5
,,,,,,,,,,,,,,,,,,,,,,,,,,,
Manu Ginobili,SAS,38,38,33,5,19.8,3.7,8,46.9,1.2,3.2,38.3,1.6,2,80.3,0.6,2.4,2.9,3.4,1.7,1.1,0.2,1.6,0,0,10.3,7.3
,,,,,,,,,,,,,,,,,,,,,,,,,,,
Marc Gasol,MEM,31,45,25,20,35,6.3,13.7,45.6,0,0.1,66.7,4.1,4.9,83.6,1.2,6,7.2,3.8,2.4,0.9,1.3,2.8,9,1,16.7,-0.8
,,,,,,,,,,,,,,,,,,,,,,,,,,,
Marcelo Huertas,LAL,33,27,2,25,11.8,1.1,2.9,40.3,0.3,0.9,29.2,0.2,0.2,100,0.3,0.9,1.3,2.5,1.2,0.5,0.1,1.2,0,0,2.8,0.4
,,,,,,,,,,,,,,,,,,,,,,,,,,,
Marcin Gortat,WAS,32,35,15,20,31.8,5.8,10.9,53,0,0,0,2,2.7,74.7,2.9,7,9.9,1.6,1.9,0.7,1.3,2.5,20,0,13.6,-0.9
,,,,,,,,,,,,,,,,,,,,,,,,,,,
Marco Belinelli,SAC,30,43,20,23,25.6,3.7,9.5,38.6,1.5,4.6,31.7,2.1,2.4,85.6,0.1,1.7,1.8,2,1.3,0.5,0,1.5,0,0,10.8,-2.5
,,,,,,,,,,,,,,,,,,,,,,,,,,,
Marcus Morris,DET,26,43,22,21,36.4,5.1,11.9,42.6,1.1,3.3,31.9,2.8,3.7,77.2,1.3,4,5.3,2.1,1.8,0.9,0.3,2.1,3,0,14,3.7
,,,,,,,,,,,,,,,,,,,,,,,,,,,
Marcus Smart,BOS,22,23,11,12,26.8,3,9,33.3,0.7,3.8,19.5,2,2.7,71.4,1.5,3,4.5,3.1,1.3,1.6,0.3,3,1,1,8.7,1.9
,,,,,,,,,,,,,,,,,,,,,,,,,,,
Marcus Thornton,WAS,29,38,20,18,19.6,4,9.7,41.4,1.6,4.6,35.2,1.1,1.3,87.5,0.6,1.8,2.5,1.4,0.8,0.8,0,1.5,0,0,10.7,0.8
,,,,,,,,,,,,,,,,,,,,,,,,,,,
Mario Chalmers,MIA,30,42,25,17,22.3,3,7.1,41.8,0.8,2.6,31.8,3.5,4.2,82,0.3,2.2,2.5,3.7,1.9,1.4,0.2,3,0,0,10.3,1.1
,,,,,,,,,,,,,,,,,,,,,,,,,,,
Mario Hezonja,ORL,21,39,18,21,13.7,1.6,3.8,40.9,0.6,1.6,35.9,0.7,0.8,93.3,0.4,1.3,1.6,1,1.1,0.2,0.1,1.2,0,0,4.4,-0.9
,,,,,,,,,,,,,,,,,,,,,,,,,,,
Markel Brown,BKN,24,27,3,24,10.9,0.7,2.8,26.3,0.3,1.4,21.1,0.7,0.9,76,0.1,1.1,1.3,1,0.4,0.3,0.1,1.3,0,0,2.5,-2.5
,,,,,,,,,,,,,,,,,,,,,,,,,,,
Markieff Morris,WAS,26,28,8,20,22.8,4.1,10.9,38.2,0.6,2,29.8,1.4,1.9,71.7,1.1,3.8,4.8,1.9,2.1,0.7,0.3,2.7,0,0,10.3,-3.9
,,,,,,,,,,,,,,,,,,,,,,,,,,,
Marreese Speights,GSW,28,35,32,3,10.5,2.1,5.6,37.1,0.1,0.3,25,1.2,1.5,79.2,1,2,3,0.6,1,0.2,0.3,1.5,1,0,5.5,-1.9
,,,,,,,,,,,,,,,,,,,,,,,,,,,
Marvin Williams,CHA,30,44,21,23,29.4,3.3,8,40.9,1.5,4.2,36,1.4,1.5,91.2,1.5,5.2,6.7,1.4,0.7,0.6,1,1.6,7,0,9.5,0.8
,,,,,,,,,,,,,,,,,,,,,,,,,,,
Mason Plumlee,POR,26,46,20,26,26.1,3.4,6.7,50.3,0,0,0,2.5,4.1,62.2,2.7,5.1,7.8,2.8,2,0.8,0.9,3.1,12,0,9.3,-0.6
,,,,,,,,,,,,,,,,,,,,,,,,,,,
Matt Barnes,MEM,36,42,24,18,26.7,3.2,7.9,41.1,1.4,4.3,33.5,1.2,1.5,82,1.1,4,5.1,1.7,1.3,1.2,0.7,3.1,3,0,9.1,-1.7
,,,,,,,,,,,,,,,,,,,,,,,,,,,
Matt Bonner,SAS,36,18,17,1,5.9,0.8,1.6,51.7,0.4,0.9,50,0.1,0.1,50,0.2,0.8,0.9,0.3,0.1,0.3,0,0.3,0,0,2.2,1.7
,,,,,,,,,,,,,,,,,,,,,,,,,,,
Matthew Dellavedova,CLE,25,41,30,11,27.1,3,7.1,42.8,1.3,3.1,43,0.8,0.9,89.2,0.5,1.9,2.4,4.8,1.5,0.7,0.1,2.3,1,0,8.2,5.7
,,,,,,,,,,,,,,,,,,,,,,,,,,,
Maurice Harkless,POR,23,46,20,26,17.2,2,4.3,45.5,0.4,1.6,26.4,0.7,1.2,57.4,1,2.1,3.1,0.8,0.9,0.5,0.3,1.2,1,0,5,-1.3
,,,,,,,,,,,,,,,,,,,,,,,,,,,
Metta World Peace,LAL,36,19,3,16,17.5,1.6,5.1,31.3,0.9,2.4,37,0.8,1.2,69.6,0.5,2,2.5,0.9,0.4,0.6,0.5,1.8,0,0,4.9,-0.6